item	name	lang	wd_q_id	tag	retreived date 	domain	redlink	category
http://www.wikidata.org/entity/Q1949998	قاعة مشاهير رياضة المحركات في أمريكا	ar	Q1949998	v2	7/10/2020	https://ar.wikipedia.org/w/index.php?title=قاعة_مشاهير_رياضة_المحركات_في_أمريكا	https://ar.wikipedia.org/w/index.php?title=قاعة_مشاهير_رياضة_المحركات_في_أمريكا&action=edit&redlink=1	museum
http://www.wikidata.org/entity/Q630893	المكتبة التقنية الوطنية في براغ	ar	Q630893	v2	7/10/2020	https://ar.wikipedia.org/w/index.php?title=المكتبة_التقنية_الوطنية_في_براغ	https://ar.wikipedia.org/w/index.php?title=المكتبة_التقنية_الوطنية_في_براغ&action=edit&redlink=1	library
http://www.wikidata.org/entity/Q1068063	معرض كندا الوطني	ar	Q1068063	v2	7/10/2020	https://ar.wikipedia.org/w/index.php?title=معرض_كندا_الوطني	https://ar.wikipedia.org/w/index.php?title=معرض_كندا_الوطني&action=edit&redlink=1	museum
http://www.wikidata.org/entity/Q639791	متحف ويتني للفن الأمريكي	ar	Q639791	v2	7/10/2020	https://ar.wikipedia.org/w/index.php?title=متحف_ويتني_للفن_الأمريكي	https://ar.wikipedia.org/w/index.php?title=متحف_ويتني_للفن_الأمريكي&action=edit&redlink=1	library
http://www.wikidata.org/entity/Q1125633	مكتبة البرلمان	ar	Q1125633	v2	7/10/2020	https://ar.wikipedia.org/w/index.php?title=مكتبة_البرلمان	https://ar.wikipedia.org/w/index.php?title=مكتبة_البرلمان&action=edit&redlink=1	library
http://www.wikidata.org/entity/Q1133733	مكتبة لاتفيا الوطنية	ar	Q1133733	v2	7/10/2020	https://ar.wikipedia.org/w/index.php?title=مكتبة_لاتفيا_الوطنية	https://ar.wikipedia.org/w/index.php?title=مكتبة_لاتفيا_الوطنية&action=edit&redlink=1	library
http://www.wikidata.org/entity/Q1967614	معرض الصور الوطني (الولايات المتحدة)	ar	Q1967614	v2	7/10/2020	https://ar.wikipedia.org/w/index.php?title=معرض_الصور_الوطني_(الولايات_المتحدة)	https://ar.wikipedia.org/w/index.php?title=معرض_الصور_الوطني_(الولايات_المتحدة)&action=edit&redlink=1	museum
http://www.wikidata.org/entity/Q1948674	متحف غرونينغن	ar	Q1948674	v2	7/10/2020	https://ar.wikipedia.org/w/index.php?title=متحف_غرونينغن	https://ar.wikipedia.org/w/index.php?title=متحف_غرونينغن&action=edit&redlink=1	museum
http://www.wikidata.org/entity/Q616272	مكتبة شنغهاي	ar	Q616272	v2	7/10/2020	https://ar.wikipedia.org/w/index.php?title=مكتبة_شنغهاي	https://ar.wikipedia.org/w/index.php?title=مكتبة_شنغهاي&action=edit&redlink=1	library
http://www.wikidata.org/entity/Q1117704	متحف إنديانابوليس للفنون	ar	Q1117704	v2	7/10/2020	https://ar.wikipedia.org/w/index.php?title=متحف_إنديانابوليس_للفنون	https://ar.wikipedia.org/w/index.php?title=متحف_إنديانابوليس_للفنون&action=edit&redlink=1	museum
http://www.wikidata.org/entity/Q3137182	متحف الفن في بونس	ar	Q3137182	v2	7/10/2020	https://ar.wikipedia.org/w/index.php?title=متحف_الفن_في_بونس	https://ar.wikipedia.org/w/index.php?title=متحف_الفن_في_بونس&action=edit&redlink=1	museum
http://www.wikidata.org/entity/Q2451336	المكتبة الرقمية للأدب االهولندي	ar	Q2451336	v2	7/10/2020	https://ar.wikipedia.org/w/index.php?title=المكتبة_الرقمية_للأدب_االهولندي	https://ar.wikipedia.org/w/index.php?title=المكتبة_الرقمية_للأدب_االهولندي&action=edit&redlink=1	library
http://www.wikidata.org/entity/Q1134646	متحف الفنون المعاصرة في لوس أنجلوس	ar	Q1134646	v2	7/10/2020	https://ar.wikipedia.org/w/index.php?title=متحف_الفنون_المعاصرة_في_لوس_أنجلوس	https://ar.wikipedia.org/w/index.php?title=متحف_الفنون_المعاصرة_في_لوس_أنجلوس&action=edit&redlink=1	museum
http://www.wikidata.org/entity/Q631375	المكتبة الوطنية في زغرب	ar	Q631375	v2	7/10/2020	https://ar.wikipedia.org/w/index.php?title=المكتبة_الوطنية_في_زغرب	https://ar.wikipedia.org/w/index.php?title=المكتبة_الوطنية_في_زغرب&action=edit&redlink=1	library
http://www.wikidata.org/entity/Q1192305	متحف الفن الأمريكي في سميثسونيان	ar	Q1192305	v2	7/10/2020	https://ar.wikipedia.org/w/index.php?title=متحف_الفن_الأمريكي_في_سميثسونيان	https://ar.wikipedia.org/w/index.php?title=متحف_الفن_الأمريكي_في_سميثسونيان&action=edit&redlink=1	museum
http://www.wikidata.org/entity/Q1435690	مؤسسة سيني	ar	Q1435690	v2	7/10/2020	https://ar.wikipedia.org/w/index.php?title=مؤسسة_سيني	https://ar.wikipedia.org/w/index.php?title=مؤسسة_سيني&action=edit&redlink=1	library
http://www.wikidata.org/entity/Q174274	سينماتيك الفرنسية	ar	Q174274	v2	7/10/2020	https://ar.wikipedia.org/w/index.php?title=سينماتيك_الفرنسية	https://ar.wikipedia.org/w/index.php?title=سينماتيك_الفرنسية&action=edit&redlink=1	museum
http://www.wikidata.org/entity/Q2984686	فهرس  حزمة بايثون	ar	Q2984686	v2	7/10/2020	https://ar.wikipedia.org/w/index.php?title=فهرس__حزمة_بايثون	https://ar.wikipedia.org/w/index.php?title=فهرس__حزمة_بايثون&action=edit&redlink=1	library
http://www.wikidata.org/entity/Q13218762	المتحف المفتوح بالكرنك	ar	Q13218762	v2	7/10/2020	https://ar.wikipedia.org/w/index.php?title=المتحف_المفتوح_بالكرنك	https://ar.wikipedia.org/w/index.php?title=المتحف_المفتوح_بالكرنك&action=edit&redlink=1	museum
http://www.wikidata.org/entity/Q841507	شبكة الأرشيف الشامل بيرل	ar	Q841507	v2	7/10/2020	https://ar.wikipedia.org/w/index.php?title=شبكة_الأرشيف_الشامل_بيرل	https://ar.wikipedia.org/w/index.php?title=شبكة_الأرشيف_الشامل_بيرل&action=edit&redlink=1	library
http://www.wikidata.org/entity/Q1464509	المتحف الوطني في فيكتوريا	ar	Q1464509	v2	7/10/2020	https://ar.wikipedia.org/w/index.php?title=المتحف_الوطني_في_فيكتوريا	https://ar.wikipedia.org/w/index.php?title=المتحف_الوطني_في_فيكتوريا&action=edit&redlink=1	museum
http://www.wikidata.org/entity/Q627423	المكتبة الجامعية والوطنية في أيسلندا	ar	Q627423	v2	7/10/2020	https://ar.wikipedia.org/w/index.php?title=المكتبة_الجامعية_والوطنية_في_أيسلندا	https://ar.wikipedia.org/w/index.php?title=المكتبة_الجامعية_والوطنية_في_أيسلندا&action=edit&redlink=1	library
http://www.wikidata.org/entity/Q4823962	المركز الأسترالي للصور المتحركة	ar	Q4823962	v2	7/10/2020	https://ar.wikipedia.org/w/index.php?title=المركز_الأسترالي_للصور_المتحركة	https://ar.wikipedia.org/w/index.php?title=المركز_الأسترالي_للصور_المتحركة&action=edit&redlink=1	museum
http://www.wikidata.org/entity/Q61084335	مركز البحوث الإقليمي	ar	Q61084335	v2	7/10/2020	https://ar.wikipedia.org/w/index.php?title=مركز_البحوث_الإقليمي	https://ar.wikipedia.org/w/index.php?title=مركز_البحوث_الإقليمي&action=edit&redlink=1	museum
http://www.wikidata.org/entity/Q679075	متحف الفن والتاريخ	ar	Q679075	v2	7/10/2020	https://ar.wikipedia.org/w/index.php?title=متحف_الفن_والتاريخ	https://ar.wikipedia.org/w/index.php?title=متحف_الفن_والتاريخ&action=edit&redlink=1	museum
http://www.wikidata.org/entity/Q705557	معرض فنون جنوب أستراليا	ar	Q705557	v2	7/10/2020	https://ar.wikipedia.org/w/index.php?title=معرض_فنون_جنوب_أستراليا	https://ar.wikipedia.org/w/index.php?title=معرض_فنون_جنوب_أستراليا&action=edit&redlink=1	museum
http://www.wikidata.org/entity/Q163804	متحف ستادل	ar	Q163804	v2	7/10/2020	https://ar.wikipedia.org/w/index.php?title=متحف_ستادل	https://ar.wikipedia.org/w/index.php?title=متحف_ستادل&action=edit&redlink=1	museum
http://www.wikidata.org/entity/Q808462	مؤسسة بارنز	ar	Q808462	v2	7/10/2020	https://ar.wikipedia.org/w/index.php?title=مؤسسة_بارنز	https://ar.wikipedia.org/w/index.php?title=مؤسسة_بارنز&action=edit&redlink=1	museum
http://www.wikidata.org/entity/Q674427	متحف سلفادور دالي	ar	Q674427	v2	7/10/2020	https://ar.wikipedia.org/w/index.php?title=متحف_سلفادور_دالي	https://ar.wikipedia.org/w/index.php?title=متحف_سلفادور_دالي&action=edit&redlink=1	museum
http://www.wikidata.org/entity/Q700222	معرض برلين	ar	Q700222	v2	7/10/2020	https://ar.wikipedia.org/w/index.php?title=معرض_برلين	https://ar.wikipedia.org/w/index.php?title=معرض_برلين&action=edit&redlink=1	museum
http://www.wikidata.org/entity/Q1435689	مؤسسة ماخت	ar	Q1435689	v2	7/10/2020	https://ar.wikipedia.org/w/index.php?title=مؤسسة_ماخت	https://ar.wikipedia.org/w/index.php?title=مؤسسة_ماخت&action=edit&redlink=1	museum
http://www.wikidata.org/entity/Q1568434	معرض فنون جامعة يل	ar	Q1568434	v2	7/10/2020	https://ar.wikipedia.org/w/index.php?title=معرض_فنون_جامعة_يل	https://ar.wikipedia.org/w/index.php?title=معرض_فنون_جامعة_يل&action=edit&redlink=1	museum
http://www.wikidata.org/entity/Q7319839	متحف ريزان هاس	ar	Q7319839	v2	7/10/2020	https://ar.wikipedia.org/w/index.php?title=متحف_ريزان_هاس	https://ar.wikipedia.org/w/index.php?title=متحف_ريزان_هاس&action=edit&redlink=1	museum
http://www.wikidata.org/entity/Q2365880	متحف الفنون الجميلة، غنت	ar	Q2365880	v2	7/10/2020	https://ar.wikipedia.org/w/index.php?title=متحف_الفنون_الجميلة،_غنت	https://ar.wikipedia.org/w/index.php?title=متحف_الفنون_الجميلة،_غنت&action=edit&redlink=1	museum
http://www.wikidata.org/entity/Q4314822	المكتبة الوطنية لأحمد-زكي الفيدي	ar	Q4314822	v2	7/10/2020	https://ar.wikipedia.org/w/index.php?title=المكتبة_الوطنية_لأحمد-زكي_الفيدي	https://ar.wikipedia.org/w/index.php?title=المكتبة_الوطنية_لأحمد-زكي_الفيدي&action=edit&redlink=1	library
http://www.wikidata.org/entity/Q1754105	متحف الفن الإستوني	ar	Q1754105	v2	7/10/2020	https://ar.wikipedia.org/w/index.php?title=متحف_الفن_الإستوني	https://ar.wikipedia.org/w/index.php?title=متحف_الفن_الإستوني&action=edit&redlink=1	museum
http://www.wikidata.org/entity/Q812285	مجموعات رسم ولاية بافاريا	ar	Q812285	v2	7/10/2020	https://ar.wikipedia.org/w/index.php?title=مجموعات_رسم_ولاية_بافاريا	https://ar.wikipedia.org/w/index.php?title=مجموعات_رسم_ولاية_بافاريا&action=edit&redlink=1	museum
http://www.wikidata.org/entity/Q861660	قاعة مشاهير كتاب الأغاني	ar	Q861660	v2	7/10/2020	https://ar.wikipedia.org/w/index.php?title=قاعة_مشاهير_كتاب_الأغاني	https://ar.wikipedia.org/w/index.php?title=قاعة_مشاهير_كتاب_الأغاني&action=edit&redlink=1	museum
http://www.wikidata.org/entity/Q1509201	عضو قاعة مشاهير مجلة أخبار أفلام البالغين	ar	Q1509201	v2	7/10/2020	https://ar.wikipedia.org/w/index.php?title=عضو_قاعة_مشاهير_مجلة_أخبار_أفلام_البالغين	https://ar.wikipedia.org/w/index.php?title=عضو_قاعة_مشاهير_مجلة_أخبار_أفلام_البالغين&action=edit&redlink=1	museum
http://www.wikidata.org/entity/Q1786577	المتحف الوطني للفنون المرئية	ar	Q1786577	v2	7/10/2020	https://ar.wikipedia.org/w/index.php?title=المتحف_الوطني_للفنون_المرئية	https://ar.wikipedia.org/w/index.php?title=المتحف_الوطني_للفنون_المرئية&action=edit&redlink=1	museum
http://www.wikidata.org/entity/Q1700481	معهد مينيابوليس للفنون	ar	Q1700481	v2	7/10/2020	https://ar.wikipedia.org/w/index.php?title=معهد_مينيابوليس_للفنون	https://ar.wikipedia.org/w/index.php?title=معهد_مينيابوليس_للفنون&action=edit&redlink=1	museum
http://www.wikidata.org/entity/Q176251	متحف تيسين-بورنيميسزا	ar	Q176251	v2	7/10/2020	https://ar.wikipedia.org/w/index.php?title=متحف_تيسين-بورنيميسزا	https://ar.wikipedia.org/w/index.php?title=متحف_تيسين-بورنيميسزا&action=edit&redlink=1	museum
http://www.wikidata.org/entity/Q1641836	متحف مقاطعة لوس أنجلوس للفنون	ar	Q1641836	v2	7/10/2020	https://ar.wikipedia.org/w/index.php?title=متحف_مقاطعة_لوس_أنجلوس_للفنون	https://ar.wikipedia.org/w/index.php?title=متحف_مقاطعة_لوس_أنجلوس_للفنون&action=edit&redlink=1	museum
http://www.wikidata.org/entity/Q303139	المعرض النمساوي في بلفيدير	ar	Q303139	v2	7/10/2020	https://ar.wikipedia.org/w/index.php?title=المعرض_النمساوي_في_بلفيدير	https://ar.wikipedia.org/w/index.php?title=المعرض_النمساوي_في_بلفيدير&action=edit&redlink=1	museum
http://www.wikidata.org/entity/Q488005	عضوية الشرف في قاعة الطيران الوطنية	ar	Q488005	v2	7/10/2020	https://ar.wikipedia.org/w/index.php?title=عضوية_الشرف_في_قاعة_الطيران_الوطنية	https://ar.wikipedia.org/w/index.php?title=عضوية_الشرف_في_قاعة_الطيران_الوطنية&action=edit&redlink=1	museum
http://www.wikidata.org/entity/Q865736	متحف برمنغهام للفن	ar	Q865736	v2	7/10/2020	https://ar.wikipedia.org/w/index.php?title=متحف_برمنغهام_للفن	https://ar.wikipedia.org/w/index.php?title=متحف_برمنغهام_للفن&action=edit&redlink=1	museum
http://www.wikidata.org/entity/Q5161648	عضوة قاعة مشاهير النساء في كونيتيكت	ar	Q5161648	v2	7/10/2020	https://ar.wikipedia.org/w/index.php?title=عضوة_قاعة_مشاهير_النساء_في_كونيتيكت	https://ar.wikipedia.org/w/index.php?title=عضوة_قاعة_مشاهير_النساء_في_كونيتيكت&action=edit&redlink=1	museum
http://www.wikidata.org/entity/Q495590	أرض الحب	ar	Q495590	v2	7/10/2020	https://ar.wikipedia.org/w/index.php?title=أرض_الحب	https://ar.wikipedia.org/w/index.php?title=أرض_الحب&action=edit&redlink=1	museum
http://www.wikidata.org/entity/Q2711480	متحف أوغستينيانز	ar	Q2711480	v2	7/10/2020	https://ar.wikipedia.org/w/index.php?title=متحف_أوغستينيانز	https://ar.wikipedia.org/w/index.php?title=متحف_أوغستينيانز&action=edit&redlink=1	museum
http://www.wikidata.org/entity/Q2864562	مركز تجديد الفنون	ar	Q2864562	v2	7/10/2020	https://ar.wikipedia.org/w/index.php?title=مركز_تجديد_الفنون	https://ar.wikipedia.org/w/index.php?title=مركز_تجديد_الفنون&action=edit&redlink=1	museum
http://www.wikidata.org/entity/Q1956214	متحف القريه ببوخاريست	ar	Q1956214	v2	7/10/2020	https://ar.wikipedia.org/w/index.php?title=متحف_القريه_ببوخاريست	https://ar.wikipedia.org/w/index.php?title=متحف_القريه_ببوخاريست&action=edit&redlink=1	museum
http://www.wikidata.org/entity/Q11795583	قاعة مشاهير نساء أوهايو	ar	Q11795583	v2	7/10/2020	https://ar.wikipedia.org/w/index.php?title=قاعة_مشاهير_نساء_أوهايو	https://ar.wikipedia.org/w/index.php?title=قاعة_مشاهير_نساء_أوهايو&action=edit&redlink=1	museum
http://www.wikidata.org/entity/Q6837811	جائزة صالة الشرف النسائية في ولاية ميشيغان	ar	Q6837811	v2	7/10/2020	https://ar.wikipedia.org/w/index.php?title=جائزة_صالة_الشرف_النسائية_في_ولاية_ميشيغان	https://ar.wikipedia.org/w/index.php?title=جائزة_صالة_الشرف_النسائية_في_ولاية_ميشيغان&action=edit&redlink=1	museum
http://www.wikidata.org/entity/Q21043512	عضوية ردهة مشاهير الباحثين الألمان	ar	Q21043512	v2	7/10/2020	https://ar.wikipedia.org/w/index.php?title=عضوية_ردهة_مشاهير_الباحثين_الألمان	https://ar.wikipedia.org/w/index.php?title=عضوية_ردهة_مشاهير_الباحثين_الألمان&action=edit&redlink=1	museum
http://www.wikidata.org/entity/Q1760539	متحف سانت لويس للفنون	ar	Q1760539	v2	7/10/2020	https://ar.wikipedia.org/w/index.php?title=متحف_سانت_لويس_للفنون	https://ar.wikipedia.org/w/index.php?title=متحف_سانت_لويس_للفنون&action=edit&redlink=1	museum
http://www.wikidata.org/entity/Q913672	متحف سان فرانسيسكو للفن الحديث	ar	Q913672	v2	7/10/2020	https://ar.wikipedia.org/w/index.php?title=متحف_سان_فرانسيسكو_للفن_الحديث	https://ar.wikipedia.org/w/index.php?title=متحف_سان_فرانسيسكو_للفن_الحديث&action=edit&redlink=1	museum
http://www.wikidata.org/entity/Q857276	متحف الفن الحديث بمدينة باريس	ar	Q857276	v2	7/10/2020	https://ar.wikipedia.org/w/index.php?title=متحف_الفن_الحديث_بمدينة_باريس	https://ar.wikipedia.org/w/index.php?title=متحف_الفن_الحديث_بمدينة_باريس&action=edit&redlink=1	museum
http://www.wikidata.org/entity/Q866498	معرض البلاتين	ar	Q866498	v2	7/10/2020	https://ar.wikipedia.org/w/index.php?title=معرض_البلاتين	https://ar.wikipedia.org/w/index.php?title=معرض_البلاتين&action=edit&redlink=1	museum
http://www.wikidata.org/entity/Q7708211	جائزة قاعة مشاهير النساء التكسسيات	ar	Q7708211	v2	7/10/2020	https://ar.wikipedia.org/w/index.php?title=جائزة_قاعة_مشاهير_النساء_التكسسيات	https://ar.wikipedia.org/w/index.php?title=جائزة_قاعة_مشاهير_النساء_التكسسيات&action=edit&redlink=1	museum
http://www.wikidata.org/entity/Q6055547	عضو قاعة مشاهير الإنترنت	ar	Q6055547	v2	7/10/2020	https://ar.wikipedia.org/w/index.php?title=عضو_قاعة_مشاهير_الإنترنت	https://ar.wikipedia.org/w/index.php?title=عضو_قاعة_مشاهير_الإنترنت&action=edit&redlink=1	museum
http://www.wikidata.org/entity/Q5587398	قاعة مشاهير موسيقى الإنجيل	ar	Q5587398	v2	7/10/2020	https://ar.wikipedia.org/w/index.php?title=قاعة_مشاهير_موسيقى_الإنجيل	https://ar.wikipedia.org/w/index.php?title=قاعة_مشاهير_موسيقى_الإنجيل&action=edit&redlink=1	museum
http://www.wikidata.org/entity/Q36460247	عضوية قاعة شرف ويل إيسنر	ar	Q36460247	v2	7/10/2020	https://ar.wikipedia.org/w/index.php?title=عضوية_قاعة_شرف_ويل_إيسنر	https://ar.wikipedia.org/w/index.php?title=عضوية_قاعة_شرف_ويل_إيسنر&action=edit&redlink=1	museum
http://www.wikidata.org/entity/Q8035502	القاعة العالمية لمشاهير الشطرنج	ar	Q8035502	v2	7/10/2020	https://ar.wikipedia.org/w/index.php?title=القاعة_العالمية_لمشاهير_الشطرنج	https://ar.wikipedia.org/w/index.php?title=القاعة_العالمية_لمشاهير_الشطرنج&action=edit&redlink=1	museum
http://www.wikidata.org/entity/Q22021768	عضوية قاعة الشرف النسائية في أركنساس	ar	Q22021768	v2	7/10/2020	https://ar.wikipedia.org/w/index.php?title=عضوية_قاعة_الشرف_النسائية_في_أركنساس	https://ar.wikipedia.org/w/index.php?title=عضوية_قاعة_الشرف_النسائية_في_أركنساس&action=edit&redlink=1	museum
http://www.wikidata.org/entity/Q430682	تيت	ar	Q430682	v2	7/10/2020	https://ar.wikipedia.org/w/index.php?title=تيت	https://ar.wikipedia.org/w/index.php?title=تيت&action=edit&redlink=1	museum
http://www.wikidata.org/entity/Q1043967	متحف كارنيغي للفنون	ar	Q1043967	v2	7/10/2020	https://ar.wikipedia.org/w/index.php?title=متحف_كارنيغي_للفنون	https://ar.wikipedia.org/w/index.php?title=متحف_كارنيغي_للفنون&action=edit&redlink=1	museum
http://www.wikidata.org/entity/Q924335	متحف بلدية أمستردام	ar	Q924335	v2	7/10/2020	https://ar.wikipedia.org/w/index.php?title=متحف_بلدية_أمستردام	https://ar.wikipedia.org/w/index.php?title=متحف_بلدية_أمستردام&action=edit&redlink=1	museum
http://www.wikidata.org/entity/Q114418	قاعة مشاهير اليهود الرياضيين العالمية	ar	Q114418	v2	7/10/2020	https://ar.wikipedia.org/w/index.php?title=قاعة_مشاهير_اليهود_الرياضيين_العالمية	https://ar.wikipedia.org/w/index.php?title=قاعة_مشاهير_اليهود_الرياضيين_العالمية&action=edit&redlink=1	museum
http://www.wikidata.org/entity/Q316242	جاليري ولاية شتوتغارت	ar	Q316242	v2	7/10/2020	https://ar.wikipedia.org/w/index.php?title=جاليري_ولاية_شتوتغارت	https://ar.wikipedia.org/w/index.php?title=جاليري_ولاية_شتوتغارت&action=edit&redlink=1	museum
http://www.wikidata.org/entity/Q4819492	معرض أوكلاند للفنون	ar	Q4819492	v2	7/10/2020	https://ar.wikipedia.org/w/index.php?title=معرض_أوكلاند_للفنون	https://ar.wikipedia.org/w/index.php?title=معرض_أوكلاند_للفنون&action=edit&redlink=1	museum
http://www.wikidata.org/entity/Q5194236	مبادرة المكتبة المسمارية الرقمية	ar	Q5194236	v2	7/10/2020	https://ar.wikipedia.org/w/index.php?title=مبادرة_المكتبة_المسمارية_الرقمية	https://ar.wikipedia.org/w/index.php?title=مبادرة_المكتبة_المسمارية_الرقمية&action=edit&redlink=1	museum
http://www.wikidata.org/entity/Q7335252	متحف ريو غراندي دو سول للفنون	ar	Q7335252	v2	7/10/2020	https://ar.wikipedia.org/w/index.php?title=متحف_ريو_غراندي_دو_سول_للفنون	https://ar.wikipedia.org/w/index.php?title=متحف_ريو_غراندي_دو_سول_للفنون&action=edit&redlink=1	museum
http://www.wikidata.org/entity/Q7233488	المكتبة الرقمية لما بعد الإصلاح	ar	Q7233488	v2	7/10/2020	https://ar.wikipedia.org/w/index.php?title=المكتبة_الرقمية_لما_بعد_الإصلاح	https://ar.wikipedia.org/w/index.php?title=المكتبة_الرقمية_لما_بعد_الإصلاح&action=edit&redlink=1	library
http://www.wikidata.org/entity/Q7971387	مكتبة جامعة واسيدا	ar	Q7971387	v2	7/10/2020	https://ar.wikipedia.org/w/index.php?title=مكتبة_جامعة_واسيدا	https://ar.wikipedia.org/w/index.php?title=مكتبة_جامعة_واسيدا&action=edit&redlink=1	library
http://www.wikidata.org/entity/Q28226147	إنيغما	ar	Q28226147	v2	7/10/2020	https://ar.wikipedia.org/w/index.php?title=إنيغما	https://ar.wikipedia.org/w/index.php?title=إنيغما&action=edit&redlink=1	museum
http://www.wikidata.org/entity/Q5572991	معرض غلين فيفيان للفن	ar	Q5572991	v2	7/10/2020	https://ar.wikipedia.org/w/index.php?title=معرض_غلين_فيفيان_للفن	https://ar.wikipedia.org/w/index.php?title=معرض_غلين_فيفيان_للفن&action=edit&redlink=1	museum
http://www.wikidata.org/entity/Q758657	متحف أوكلاند التذكاري للحرب	ar	Q758657	v2	7/10/2020	https://ar.wikipedia.org/w/index.php?title=متحف_أوكلاند_التذكاري_للحرب	https://ar.wikipedia.org/w/index.php?title=متحف_أوكلاند_التذكاري_للحرب&action=edit&redlink=1	museum
http://www.wikidata.org/entity/Q782783	النصب الأسترالي التذكاري للحرب	ar	Q782783	v2	7/10/2020	https://ar.wikipedia.org/w/index.php?title=النصب_الأسترالي التذكاري_للحرب	https://ar.wikipedia.org/w/index.php?title=النصب_الأسترالي التذكاري_للحرب&action=edit&redlink=1	museum
http://www.wikidata.org/entity/Q3348664	منظمة المحيط	ar	Q3348664	v2	7/10/2020	https://ar.wikipedia.org/w/index.php?title=منظمة_المحيط	https://ar.wikipedia.org/w/index.php?title=منظمة_المحيط&action=edit&redlink=1	museum
http://www.wikidata.org/entity/Q6352575	مركز ييل للفن البريطاني	ar	Q6352575	v2	7/10/2020	https://ar.wikipedia.org/w/index.php?title=مركز_ييل_للفن_البريطاني	https://ar.wikipedia.org/w/index.php?title=مركز_ييل_للفن_البريطاني&action=edit&redlink=1	museum
http://www.wikidata.org/entity/Q902624	المتحف الوطني لعلوم الصحة والطب	ar	Q902624	v2	7/10/2020	https://ar.wikipedia.org/w/index.php?title=المتحف_الوطني_لعلوم_الصحة_والطب	https://ar.wikipedia.org/w/index.php?title=المتحف_الوطني_لعلوم_الصحة_والطب&action=edit&redlink=1	museum
http://www.wikidata.org/entity/Q159483	معسكر الإبادة رافنيسبروك	ar	Q159483	v2	7/10/2020	https://ar.wikipedia.org/w/index.php?title=معسكر_الإبادة_رافنيسبروك	https://ar.wikipedia.org/w/index.php?title=معسكر_الإبادة_رافنيسبروك&action=edit&redlink=1	museum
http://www.wikidata.org/entity/Q15275733	مكتبة الشعر الاسكتلندية	ar	Q15275733	v2	7/10/2020	https://ar.wikipedia.org/w/index.php?title=مكتبة_الشعر_الاسكتلندية	https://ar.wikipedia.org/w/index.php?title=مكتبة_الشعر_الاسكتلندية&action=edit&redlink=1	library
http://www.wikidata.org/entity/Q10927199	مكتبة جامعة تايوان الوطنية	ar	Q10927199	v2	7/10/2020	https://ar.wikipedia.org/w/index.php?title=مكتبة_جامعة_تايوان_الوطنية	https://ar.wikipedia.org/w/index.php?title=مكتبة_جامعة_تايوان_الوطنية&action=edit&redlink=1	library
http://www.wikidata.org/entity/Q2777905	أكاديمية.إدو	ar	Q2777905	v2	7/10/2020	https://ar.wikipedia.org/w/index.php?title=أكاديمية.إدو	https://ar.wikipedia.org/w/index.php?title=أكاديمية.إدو&action=edit&redlink=1	library
http://www.wikidata.org/entity/Q7181635	فيلبيبرز	ar	Q7181635	v2	7/10/2020	https://ar.wikipedia.org/w/index.php?title=فيلبيبرز	https://ar.wikipedia.org/w/index.php?title=فيلبيبرز&action=edit&redlink=1	museum
http://www.wikidata.org/entity/Q18088607	شبكة الموسيقى	ar	Q18088607	v2	7/10/2020	https://ar.wikipedia.org/w/index.php?title=شبكة_الموسيقى	https://ar.wikipedia.org/w/index.php?title=شبكة_الموسيقى&action=edit&redlink=1	museum
http://www.wikidata.org/entity/Q2256277	أرشيف الصوت الوطني السويسري	ar	Q2256277	v2	7/10/2020	https://ar.wikipedia.org/w/index.php?title=أرشيف_الصوت_الوطني_السويسري	https://ar.wikipedia.org/w/index.php?title=أرشيف_الصوت_الوطني_السويسري&action=edit&redlink=1	library
http://www.wikidata.org/entity/Q11284309	قاعدة بيانات المصطلحات التشيكية في علم المكتبات والمعلومات	ar	Q11284309	v2	7/10/2020	https://ar.wikipedia.org/w/index.php?title=قاعدة_بيانات_المصطلحات_التشيكية_في_علم_المكتبات_والمعلومات	https://ar.wikipedia.org/w/index.php?title=قاعدة_بيانات_المصطلحات_التشيكية_في_علم_المكتبات_والمعلومات&action=edit&redlink=1	library
http://www.wikidata.org/entity/Q30324366	مركز الموارد البوذية التبتية	ar	Q30324366	v2	7/10/2020	https://ar.wikipedia.org/w/index.php?title=مركز_الموارد_البوذية_التبتية	https://ar.wikipedia.org/w/index.php?title=مركز_الموارد_البوذية_التبتية&action=edit&redlink=1	museum
http://www.wikidata.org/entity/Q57705758	عنكبوت	ar	Q57705758	v2	7/10/2020	https://ar.wikipedia.org/w/index.php?title=عنكبوت	https://ar.wikipedia.org/w/index.php?title=عنكبوت&action=edit&redlink=1	library
http://www.wikidata.org/entity/Q75848338	الأرشيف الرقمي لجمعية الفيلم الأمريكي	ar	Q75848338	v2	7/10/2020	https://ar.wikipedia.org/w/index.php?title=الأرشيف_الرقمي_لجمعية_الفيلم_الأمريكي	https://ar.wikipedia.org/w/index.php?title=الأرشيف_الرقمي_لجمعية_الفيلم_الأمريكي&action=edit&redlink=1	library
http://www.wikidata.org/entity/Q867925	المكتبة الصحية بين الجامعات	ar	Q867925	v2	7/10/2020	https://ar.wikipedia.org/w/index.php?title=المكتبة_الصحية_بين_الجامعات	https://ar.wikipedia.org/w/index.php?title=المكتبة_الصحية_بين_الجامعات&action=edit&redlink=1	library
http://www.wikidata.org/entity/Q4785478	خدمة بيانات الآثار	ar	Q4785478	v2	7/10/2020	https://ar.wikipedia.org/w/index.php?title=خدمة_بيانات_الآثار	https://ar.wikipedia.org/w/index.php?title=خدمة_بيانات_الآثار&action=edit&redlink=1	library
http://www.wikidata.org/entity/Q3144107	فرط المقالات على الإنترنت	ar	Q3144107	v2	7/10/2020	https://ar.wikipedia.org/w/index.php?title=فرط_المقالات_على_الإنترنت	https://ar.wikipedia.org/w/index.php?title=فرط_المقالات_على_الإنترنت&action=edit&redlink=1	library
http://www.wikidata.org/entity/Q7550801	شبكة أبحاث العلوم الاجتماعية	ar	Q7550801	v2	7/10/2020	https://ar.wikipedia.org/w/index.php?title=شبكة_أبحاث_العلوم_الاجتماعية	https://ar.wikipedia.org/w/index.php?title=شبكة_أبحاث_العلوم_الاجتماعية&action=edit&redlink=1	library
http://www.wikidata.org/entity/Q22661177	زينودو	ar	Q22661177	v2	7/10/2020	https://ar.wikipedia.org/w/index.php?title=زينودو	https://ar.wikipedia.org/w/index.php?title=زينودو&action=edit&redlink=1	library
http://www.wikidata.org/entity/Q19835482	بيوركسيف	ar	Q19835482	v2	7/10/2020	https://ar.wikipedia.org/w/index.php?title=بيوركسيف	https://ar.wikipedia.org/w/index.php?title=بيوركسيف&action=edit&redlink=1	library
http://www.wikidata.org/entity/Q2715061	سايتسيركس	ar	Q2715061	v2	7/10/2020	https://ar.wikipedia.org/w/index.php?title=سايتسيركس	https://ar.wikipedia.org/w/index.php?title=سايتسيركس&action=edit&redlink=1	library
http://www.wikidata.org/entity/Q5972440	إنزبير-هيب	ar	Q5972440	v2	7/10/2020	https://ar.wikipedia.org/w/index.php?title=إنزبير-هيب	https://ar.wikipedia.org/w/index.php?title=إنزبير-هيب&action=edit&redlink=1	library
http://www.wikidata.org/entity/Q1226166	متحف ومعهد المسرح المجري	ar	Q1226166	v2	7/10/2020	https://ar.wikipedia.org/w/index.php?title=متحف_ومعهد_المسرح_المجري	https://ar.wikipedia.org/w/index.php?title=متحف_ومعهد_المسرح_المجري&action=edit&redlink=1	museum
http://www.wikidata.org/entity/Q22908627	الباحث الدلالي	ar	Q22908627	v2	7/10/2020	https://ar.wikipedia.org/w/index.php?title=الباحث_الدلالي	https://ar.wikipedia.org/w/index.php?title=الباحث_الدلالي&action=edit&redlink=1	library
http://www.wikidata.org/entity/Q142667	قاعدة بيانات تصنيف الناقل	ar	Q142667	v2	7/10/2020	https://ar.wikipedia.org/w/index.php?title=قاعدة_بيانات_تصنيف_الناقل	https://ar.wikipedia.org/w/index.php?title=قاعدة_بيانات_تصنيف_الناقل&action=edit&redlink=1	library
http://www.wikidata.org/entity/Q17013516	فيغشير	ar	Q17013516	v2	7/10/2020	https://ar.wikipedia.org/w/index.php?title=فيغشير	https://ar.wikipedia.org/w/index.php?title=فيغشير&action=edit&redlink=1	library
http://www.wikidata.org/entity/Q3912134	محفوظات مدينة روتردام	ar	Q3912134	v2	7/10/2020	https://ar.wikipedia.org/w/index.php?title=محفوظات_مدينة_روتردام	https://ar.wikipedia.org/w/index.php?title=محفوظات_مدينة_روتردام&action=edit&redlink=1	library
http://www.wikidata.org/entity/Q18691678	إطار العلوم المفتوحة	ar	Q18691678	v2	7/10/2020	https://ar.wikipedia.org/w/index.php?title=إطار_العلوم_المفتوحة	https://ar.wikipedia.org/w/index.php?title=إطار_العلوم_المفتوحة&action=edit&redlink=1	library
http://www.wikidata.org/entity/Q3519804	مورد معلومات أرابيدوبسيس	ar	Q3519804	v2	7/10/2020	https://ar.wikipedia.org/w/index.php?title=مورد_معلومات_أرابيدوبسيس	https://ar.wikipedia.org/w/index.php?title=مورد_معلومات_أرابيدوبسيس&action=edit&redlink=1	library
http://www.wikidata.org/entity/Q27996491	التجارب المفتوحة	ar	Q27996491	v2	7/10/2020	https://ar.wikipedia.org/w/index.php?title=التجارب_المفتوحة	https://ar.wikipedia.org/w/index.php?title=التجارب_المفتوحة&action=edit&redlink=1	library
http://www.wikidata.org/entity/Q8063109	قاعدة بيانات الزنك ليس تجاريا	ar	Q8063109	v2	7/10/2020	https://ar.wikipedia.org/w/index.php?title=قاعدة_بيانات_الزنك_ليس_تجاريا	https://ar.wikipedia.org/w/index.php?title=قاعدة_بيانات_الزنك_ليس_تجاريا&action=edit&redlink=1	library
http://www.wikidata.org/entity/Q901755	بنك الجين	ar	Q901755	v2	7/10/2020	https://ar.wikipedia.org/w/index.php?title=بنك_الجين	https://ar.wikipedia.org/w/index.php?title=بنك_الجين&action=edit&redlink=1	library
http://www.wikidata.org/entity/Q4848721	بيت الحكمة	ar	Q4848721	v2	7/10/2020	https://ar.wikipedia.org/w/index.php?title=بيت_الحكمة	https://ar.wikipedia.org/w/index.php?title=بيت_الحكمة&action=edit&redlink=1	library
http://www.wikidata.org/entity/Q1968666	متحف إريتريا الوطني	ar	Q1968666	v2	7/10/2020	https://ar.wikipedia.org/w/index.php?title=متحف_إريتريا_الوطني	https://ar.wikipedia.org/w/index.php?title=متحف_إريتريا_الوطني&action=edit&redlink=1	museum
http://www.wikidata.org/entity/Q809892	قاعة مشاهير ومتحف كرة القاعدة الوطنية	ar	Q809892	v2	7/10/2020	https://ar.wikipedia.org/w/index.php?title=قاعة_مشاهير_ومتحف_كرة_القاعدة_الوطنية	https://ar.wikipedia.org/w/index.php?title=قاعة_مشاهير_ومتحف_كرة_القاعدة_الوطنية&action=edit&redlink=1	museum
http://www.wikidata.org/entity/Q3719374	مكتبة هوتون	ar	Q3719374	v2	7/10/2020	https://ar.wikipedia.org/w/index.php?title=مكتبة_هوتون	https://ar.wikipedia.org/w/index.php?title=مكتبة_هوتون&action=edit&redlink=1	library
http://www.wikidata.org/entity/Q16665606	المتحف العمومي الوطني سيرتا	ar	Q16665606	v2	7/10/2020	https://ar.wikipedia.org/w/index.php?title=المتحف_العمومي_الوطني_سيرتا	https://ar.wikipedia.org/w/index.php?title=المتحف_العمومي_الوطني_سيرتا&action=edit&redlink=1	museum
http://www.wikidata.org/entity/Q304418	قاعة الرياضة الاسكتلندية للمشاهير	ar	Q304418	v2	7/10/2020	https://ar.wikipedia.org/w/index.php?title=قاعة_الرياضة_الاسكتلندية_للمشاهير	https://ar.wikipedia.org/w/index.php?title=قاعة_الرياضة_الاسكتلندية_للمشاهير&action=edit&redlink=1	museum
http://www.wikidata.org/entity/Q4201615	معهد المعلومات العلمية عن العلوم الاجتماعية	ar	Q4201615	v2	7/10/2020	https://ar.wikipedia.org/w/index.php?title=معهد_المعلومات_العلمية_عن_العلوم_الاجتماعية	https://ar.wikipedia.org/w/index.php?title=معهد_المعلومات_العلمية_عن_العلوم_الاجتماعية&action=edit&redlink=1	museum
http://www.wikidata.org/entity/Q2684769	المتحف الوطني	ar	Q2684769	v2	7/10/2020	https://ar.wikipedia.org/w/index.php?title=المتحف_الوطني	https://ar.wikipedia.org/w/index.php?title=المتحف_الوطني&action=edit&redlink=1	museum
http://www.wikidata.org/entity/Q915603	متحف نيوزيلندا مجموعة تي بابا	ar	Q915603	v2	7/10/2020	https://ar.wikipedia.org/w/index.php?title=متحف_نيوزيلندا_مجموعة_تي_بابا	https://ar.wikipedia.org/w/index.php?title=متحف_نيوزيلندا_مجموعة_تي_بابا&action=edit&redlink=1	museum
http://www.wikidata.org/entity/Q1955752	المتحف الإثنوغرافي في جنيف	ar	Q1955752	v2	7/10/2020	https://ar.wikipedia.org/w/index.php?title=المتحف_الإثنوغرافي_في_جنيف	https://ar.wikipedia.org/w/index.php?title=المتحف_الإثنوغرافي_في_جنيف&action=edit&redlink=1	museum
http://www.wikidata.org/entity/Q2719230	متحف بيوك ساراي ميوزاييك	ar	Q2719230	v2	7/10/2020	https://ar.wikipedia.org/w/index.php?title=متحف_بيوك_ساراي_ميوزاييك	https://ar.wikipedia.org/w/index.php?title=متحف_بيوك_ساراي_ميوزاييك&action=edit&redlink=1	museum
http://www.wikidata.org/entity/Q11881923	المعهد الوطني السمعي البصري	ar	Q11881923	v2	7/10/2020	https://ar.wikipedia.org/w/index.php?title=المعهد_الوطني_السمعي_البصري	https://ar.wikipedia.org/w/index.php?title=المعهد_الوطني_السمعي_البصري&action=edit&redlink=1	museum
http://www.wikidata.org/entity/Q1665109	المعهد السمعي البصري الوطني	ar	Q1665109	v2	7/10/2020	https://ar.wikipedia.org/w/index.php?title=المعهد_السمعي_البصري_الوطني	https://ar.wikipedia.org/w/index.php?title=المعهد_السمعي_البصري_الوطني&action=edit&redlink=1	museum
http://www.wikidata.org/entity/Q1624722	هولكهام هول	ar	Q1624722	v2	7/10/2020	https://ar.wikipedia.org/w/index.php?title=هولكهام_هول	https://ar.wikipedia.org/w/index.php?title=هولكهام_هول&action=edit&redlink=1	museum
http://www.wikidata.org/entity/Q2973248	سينما كيبيك	ar	Q2973248	v2	7/10/2020	https://ar.wikipedia.org/w/index.php?title=سينما_كيبيك	https://ar.wikipedia.org/w/index.php?title=سينما_كيبيك&action=edit&redlink=1	museum
http://www.wikidata.org/entity/Q61604271	مكتبة ألكسندر تيرنبول	ar	Q61604271	v2	7/10/2020	https://ar.wikipedia.org/w/index.php?title=مكتبة_ألكسندر_تيرنبول	https://ar.wikipedia.org/w/index.php?title=مكتبة_ألكسندر_تيرنبول&action=edit&redlink=1	library
http://www.wikidata.org/entity/Q58973805	مؤسسة الموافقة	ar	Q58973805	v2	7/10/2020	https://ar.wikipedia.org/w/index.php?title=مؤسسة_الموافقة	https://ar.wikipedia.org/w/index.php?title=مؤسسة_الموافقة&action=edit&redlink=1	museum
http://www.wikidata.org/entity/Q948882	مكتبة البرازيل الوطنية	ar	Q948882	v2	7/10/2020	https://ar.wikipedia.org/w/index.php?title=مكتبة_البرازيل_الوطنية	https://ar.wikipedia.org/w/index.php?title=مكتبة_البرازيل_الوطنية&action=edit&redlink=1	library
http://www.wikidata.org/entity/Q618340	المكتبة المركزية الوطنية	ar	Q618340	v2	7/10/2020	https://ar.wikipedia.org/w/index.php?title=المكتبة_المركزية_الوطنية	https://ar.wikipedia.org/w/index.php?title=المكتبة_المركزية_الوطنية&action=edit&redlink=1	library
http://www.wikidata.org/entity/Q675617	المحفوظات الأدبية السويسرية	ar	Q675617	v2	7/10/2020	https://ar.wikipedia.org/w/index.php?title=المحفوظات_الأدبية_السويسرية	https://ar.wikipedia.org/w/index.php?title=المحفوظات_الأدبية_السويسرية&action=edit&redlink=1	library
http://www.wikidata.org/entity/Q622012	المكتبة الوطنية لرومانيا	ar	Q622012	v2	7/10/2020	https://ar.wikipedia.org/w/index.php?title=المكتبة_الوطنية_لرومانيا	https://ar.wikipedia.org/w/index.php?title=المكتبة_الوطنية_لرومانيا&action=edit&redlink=1	library
http://www.wikidata.org/entity/Q495005	المكتبة الوطنية الكورية	ar	Q495005	v2	7/10/2020	https://ar.wikipedia.org/w/index.php?title=المكتبة_الوطنية_الكورية	https://ar.wikipedia.org/w/index.php?title=المكتبة_الوطنية_الكورية&action=edit&redlink=1	library
http://www.wikidata.org/entity/Q245966	مكتبة البرتغال الوطنية	ar	Q245966	v2	7/10/2020	https://ar.wikipedia.org/w/index.php?title=مكتبة_البرتغال_الوطنية	https://ar.wikipedia.org/w/index.php?title=مكتبة_البرتغال_الوطنية&action=edit&redlink=1	library
http://www.wikidata.org/entity/Q201787	المكتبة الوطنية السويسرية	ar	Q201787	v2	7/10/2020	https://ar.wikipedia.org/w/index.php?title=المكتبة_الوطنية_السويسرية	https://ar.wikipedia.org/w/index.php?title=المكتبة_الوطنية_السويسرية&action=edit&redlink=1	library
http://www.wikidata.org/entity/Q14563947	أرشيف ليختنشتاين	ar	Q14563947	v2	7/10/2020	https://ar.wikipedia.org/w/index.php?title=أرشيف_ليختنشتاين	https://ar.wikipedia.org/w/index.php?title=أرشيف_ليختنشتاين&action=edit&redlink=1	library
http://www.wikidata.org/entity/Q16256913	مؤسسة المحفوظات الوطنية	ar	Q16256913	v2	7/10/2020	https://ar.wikipedia.org/w/index.php?title=مؤسسة_المحفوظات_الوطنية	https://ar.wikipedia.org/w/index.php?title=مؤسسة_المحفوظات_الوطنية&action=edit&redlink=1	library
http://www.wikidata.org/entity/Q390375	المكتبة الوطنية في نيوزيلندا	ar	Q390375	v2	7/10/2020	https://ar.wikipedia.org/w/index.php?title=المكتبة_الوطنية_في_نيوزيلندا	https://ar.wikipedia.org/w/index.php?title=المكتبة_الوطنية_في_نيوزيلندا&action=edit&redlink=1	library
http://www.wikidata.org/entity/Q42800691	ديسكوغرافيا التسجيلات التاريخية الأمريكية	ar	Q42800691	v2	7/10/2020	https://ar.wikipedia.org/w/index.php?title=ديسكوغرافيا_التسجيلات_التاريخية_الأمريكية	https://ar.wikipedia.org/w/index.php?title=ديسكوغرافيا_التسجيلات_التاريخية_الأمريكية&action=edit&redlink=1	library
http://www.wikidata.org/entity/Q57313411	إنديانسين.ما	ar	Q57313411	v2	7/10/2020	https://ar.wikipedia.org/w/index.php?title=إنديانسين.ما	https://ar.wikipedia.org/w/index.php?title=إنديانسين.ما&action=edit&redlink=1	library
http://www.wikidata.org/entity/Q913250	المكتبة والأرشيف، كندا	ar	Q913250	v2	7/10/2020	https://ar.wikipedia.org/w/index.php?title=المكتبة_والأرشيف،_كندا	https://ar.wikipedia.org/w/index.php?title=المكتبة_والأرشيف،_كندا&action=edit&redlink=1	library
http://www.wikidata.org/entity/Q564578	دار فروغمور	ar	Q564578	v2	7/10/2020	https://ar.wikipedia.org/w/index.php?title=دار_فروغمور	https://ar.wikipedia.org/w/index.php?title=دار_فروغمور&action=edit&redlink=1	library
http://www.wikidata.org/entity/Q924551	مكتبة النرويج الوطنية	ar	Q924551	v2	7/10/2020	https://ar.wikipedia.org/w/index.php?title=مكتبة_النرويج_الوطنية	https://ar.wikipedia.org/w/index.php?title=مكتبة_النرويج_الوطنية&action=edit&redlink=1	library
http://www.wikidata.org/entity/Q1063819	مكتبة سيشيني الوطنية	ar	Q1063819	v2	7/10/2020	https://ar.wikipedia.org/w/index.php?title=مكتبة_سيشيني_الوطنية	https://ar.wikipedia.org/w/index.php?title=مكتبة_سيشيني_الوطنية&action=edit&redlink=1	library
http://www.wikidata.org/entity/Q620899	المكتبة الوطنية السلوفاكية	ar	Q620899	v2	7/10/2020	https://ar.wikipedia.org/w/index.php?title=المكتبة_الوطنية_السلوفاكية	https://ar.wikipedia.org/w/index.php?title=المكتبة_الوطنية_السلوفاكية&action=edit&redlink=1	library
http://www.wikidata.org/entity/Q18088545	صحف.كوم	ar	Q18088545	v2	7/10/2020	https://ar.wikipedia.org/w/index.php?title=صحف.كوم	https://ar.wikipedia.org/w/index.php?title=صحف.كوم&action=edit&redlink=1	library
http://www.wikidata.org/entity/Q392703	المحفوظات الوطنية	ar	Q392703	v2	7/10/2020	https://ar.wikipedia.org/w/index.php?title=المحفوظات_الوطنية	https://ar.wikipedia.org/w/index.php?title=المحفوظات_الوطنية&action=edit&redlink=1	library
http://www.wikidata.org/entity/Q565155	دار أوسبورن	ar	Q565155	v2	7/10/2020	https://ar.wikipedia.org/w/index.php?title=دار_أوسبورن	https://ar.wikipedia.org/w/index.php?title=دار_أوسبورن&action=edit&redlink=1	library
http://www.wikidata.org/entity/Q5495070	المكتبة الوطنية المكسيكية	ar	Q5495070	v2	7/10/2020	https://ar.wikipedia.org/w/index.php?title=المكتبة_الوطنية_المكسيكية	https://ar.wikipedia.org/w/index.php?title=المكتبة_الوطنية_المكسيكية&action=edit&redlink=1	library
http://www.wikidata.org/entity/Q19406829	أرشيف الإدارات في فيندي	ar	Q19406829	v2	7/10/2020	https://ar.wikipedia.org/w/index.php?title=أرشيف_الإدارات_في_فيندي	https://ar.wikipedia.org/w/index.php?title=أرشيف_الإدارات_في_فيندي&action=edit&redlink=1	library
http://www.wikidata.org/entity/Q8247531	المكتبة الوطنية الصومالية	ar	Q8247531	v2	7/10/2020	https://ar.wikipedia.org/w/index.php?title=المكتبة_الوطنية_الصومالية	https://ar.wikipedia.org/w/index.php?title=المكتبة_الوطنية_الصومالية&action=edit&redlink=1	library
http://www.wikidata.org/entity/Q4785393	المتحف العمومي الوطني بشرشال	ar	Q4785393	v2	7/10/2020	https://ar.wikipedia.org/w/index.php?title=المتحف_العمومي_الوطني_بشرشال	https://ar.wikipedia.org/w/index.php?title=المتحف_العمومي_الوطني_بشرشال&action=edit&redlink=1	museum
http://www.wikidata.org/entity/Q1635759	مكتبة مارتيناس مايفيداس الوطنية في ليتوانيا	ar	Q1635759	v2	7/10/2020	https://ar.wikipedia.org/w/index.php?title=مكتبة_مارتيناس_مايفيداس_الوطنية_في_ليتوانيا	https://ar.wikipedia.org/w/index.php?title=مكتبة_مارتيناس_مايفيداس_الوطنية_في_ليتوانيا&action=edit&redlink=1	library
http://www.wikidata.org/entity/Q56115644	متحف سوهاج القومي	ar	Q56115644	v2	7/10/2020	https://ar.wikipedia.org/w/index.php?title=متحف_سوهاج_القومي	https://ar.wikipedia.org/w/index.php?title=متحف_سوهاج_القومي&action=edit&redlink=1	museum
http://www.wikidata.org/entity/Q57395129	متحف آثار الوادي الجديد	ar	Q57395129	v2	7/10/2020	https://ar.wikipedia.org/w/index.php?title=متحف_آثار_الوادي_الجديد	https://ar.wikipedia.org/w/index.php?title=متحف_آثار_الوادي_الجديد&action=edit&redlink=1	museum
http://www.wikidata.org/entity/Q258851	قاعة الشهرة العالمية للجولف	ar	Q258851	v2	7/10/2020	https://ar.wikipedia.org/w/index.php?title=قاعة_الشهرة_العالمية_للجولف	https://ar.wikipedia.org/w/index.php?title=قاعة_الشهرة_العالمية_للجولف&action=edit&redlink=1	museum
http://www.wikidata.org/entity/Q1666611	قاعة الجمباز العالمية للمشاهير	ar	Q1666611	v2	7/10/2020	https://ar.wikipedia.org/w/index.php?title=قاعة_الجمباز_العالمية_للمشاهير	https://ar.wikipedia.org/w/index.php?title=قاعة_الجمباز_العالمية_للمشاهير&action=edit&redlink=1	museum
http://www.wikidata.org/entity/Q1087567	قاعة مشاهير سباقات المضمار والميدان الوطنية	ar	Q1087567	v2	7/10/2020	https://ar.wikipedia.org/w/index.php?title=قاعة_مشاهير_سباقات_المضمار_والميدان_الوطنية	https://ar.wikipedia.org/w/index.php?title=قاعة_مشاهير_سباقات_المضمار_والميدان_الوطنية&action=edit&redlink=1	museum
http://www.wikidata.org/entity/Q3517652	قاعة البيسبول الكندية للمشاهير	ar	Q3517652	v2	7/10/2020	https://ar.wikipedia.org/w/index.php?title=قاعة_البيسبول_الكندية_للمشاهير	https://ar.wikipedia.org/w/index.php?title=قاعة_البيسبول_الكندية_للمشاهير&action=edit&redlink=1	museum
http://www.wikidata.org/entity/Q1330014	قاعة كندا الرياضية للمشاهير	ar	Q1330014	v2	7/10/2020	https://ar.wikipedia.org/w/index.php?title=قاعة_كندا_الرياضية_للمشاهير	https://ar.wikipedia.org/w/index.php?title=قاعة_كندا_الرياضية_للمشاهير&action=edit&redlink=1	museum
http://www.wikidata.org/entity/Q4708602	قاعة المشاهير الرياضية في ألاسكا	ar	Q4708602	v2	7/10/2020	https://ar.wikipedia.org/w/index.php?title=قاعة_المشاهير_الرياضية_في_ألاسكا	https://ar.wikipedia.org/w/index.php?title=قاعة_المشاهير_الرياضية_في_ألاسكا&action=edit&redlink=1	museum
http://www.wikidata.org/entity/Q4835326	قاعة كولومبيا البريطانية الرياضية للمشاهير	ar	Q4835326	v2	7/10/2020	https://ar.wikipedia.org/w/index.php?title=قاعة_كولومبيا_البريطانية_الرياضية_للمشاهير	https://ar.wikipedia.org/w/index.php?title=قاعة_كولومبيا_البريطانية_الرياضية_للمشاهير&action=edit&redlink=1	museum
http://www.wikidata.org/entity/Q5461603	قاعة مشاهير الرياضة في فلوريدا	ar	Q5461603	v2	7/10/2020	https://ar.wikipedia.org/w/index.php?title=قاعة_مشاهير_الرياضة_في_فلوريدا	https://ar.wikipedia.org/w/index.php?title=قاعة_مشاهير_الرياضة_في_فلوريدا&action=edit&redlink=1	museum
http://www.wikidata.org/entity/Q778412	قاعة مشاهير محترفي كرة القدم	ar	Q778412	v2	7/10/2020	https://ar.wikipedia.org/w/index.php?title=قاعة_مشاهير_محترفي_كرة_القدم	https://ar.wikipedia.org/w/index.php?title=قاعة_مشاهير_محترفي_كرة_القدم&action=edit&redlink=1	museum
http://www.wikidata.org/entity/Q6023065	قاعة مشاهير إنديانا لكرة السلة	ar	Q6023065	v2	7/10/2020	https://ar.wikipedia.org/w/index.php?title=قاعة_مشاهير_إنديانا_لكرة_السلة	https://ar.wikipedia.org/w/index.php?title=قاعة_مشاهير_إنديانا_لكرة_السلة&action=edit&redlink=1	museum
http://www.wikidata.org/entity/Q6689281	قاعة لويزيانا الرياضية للمشاهير	ar	Q6689281	v2	7/10/2020	https://ar.wikipedia.org/w/index.php?title=قاعة_لويزيانا_الرياضية_للمشاهير	https://ar.wikipedia.org/w/index.php?title=قاعة_لويزيانا_الرياضية_للمشاهير&action=edit&redlink=1	museum
http://www.wikidata.org/entity/Q7006111	قاعة نيو برونزويك الرياضية للمشاهير	ar	Q7006111	v2	7/10/2020	https://ar.wikipedia.org/w/index.php?title=قاعة_نيو_برونزويك_الرياضية_للمشاهير	https://ar.wikipedia.org/w/index.php?title=قاعة_نيو_برونزويك_الرياضية_للمشاهير&action=edit&redlink=1	museum
http://www.wikidata.org/entity/Q5253352	متحف ديلاوير الرياضي وقاعة المشاهير	ar	Q5253352	v2	7/10/2020	https://ar.wikipedia.org/w/index.php?title=متحف_ديلاوير_الرياضي_وقاعة_المشاهير	https://ar.wikipedia.org/w/index.php?title=متحف_ديلاوير_الرياضي_وقاعة_المشاهير&action=edit&redlink=1	museum
http://www.wikidata.org/entity/Q3336862	قاعة المشاهير الجامعة الوطنية لكرة السلة	ar	Q3336862	v2	7/10/2020	https://ar.wikipedia.org/w/index.php?title=قاعة_المشاهير_الجامعة_الوطنية_لكرة_السلة	https://ar.wikipedia.org/w/index.php?title=قاعة_المشاهير_الجامعة_الوطنية_لكرة_السلة&action=edit&redlink=1	museum
http://www.wikidata.org/entity/Q7064237	قاعة نوفا سكوتيا الرياضية للمشاهير	ar	Q7064237	v2	7/10/2020	https://ar.wikipedia.org/w/index.php?title=قاعة_نوفا_سكوتيا_الرياضية_للمشاهير	https://ar.wikipedia.org/w/index.php?title=قاعة_نوفا_سكوتيا_الرياضية_للمشاهير&action=edit&redlink=1	museum
http://www.wikidata.org/entity/Q799608	قاعة مشاهير كرة الريشة	ar	Q799608	v2	7/10/2020	https://ar.wikipedia.org/w/index.php?title=قاعة_مشاهير_كرة_الريشة	https://ar.wikipedia.org/w/index.php?title=قاعة_مشاهير_كرة_الريشة&action=edit&redlink=1	museum
http://www.wikidata.org/entity/Q2038865	قاعة مشاهير كرة السلة للسيدات	ar	Q2038865	v2	7/10/2020	https://ar.wikipedia.org/w/index.php?title=قاعة_مشاهير_كرة_السلة_للسيدات	https://ar.wikipedia.org/w/index.php?title=قاعة_مشاهير_كرة_السلة_للسيدات&action=edit&redlink=1	museum
http://www.wikidata.org/entity/Q7566112	قاعة مشاهير جنوب أستراليا لكرة القدم	ar	Q7566112	v2	7/10/2020	https://ar.wikipedia.org/w/index.php?title=قاعة_مشاهير_جنوب_أستراليا_لكرة_القدم	https://ar.wikipedia.org/w/index.php?title=قاعة_مشاهير_جنوب_أستراليا_لكرة_القدم&action=edit&redlink=1	museum
http://www.wikidata.org/entity/Q1136687	قاعة مشاهير الهوكي	ar	Q1136687	v2	7/10/2020	https://ar.wikipedia.org/w/index.php?title=قاعة_مشاهير_الهوكي	https://ar.wikipedia.org/w/index.php?title=قاعة_مشاهير_الهوكي&action=edit&redlink=1	museum
http://www.wikidata.org/entity/Q6064592	قاعة آيوا الرياضية للمشاهير	ar	Q6064592	v2	7/10/2020	https://ar.wikipedia.org/w/index.php?title=قاعة_آيوا_الرياضية_للمشاهير	https://ar.wikipedia.org/w/index.php?title=قاعة_آيوا_الرياضية_للمشاهير&action=edit&redlink=1	museum
http://www.wikidata.org/entity/Q1134380	قاعة البيسبول اليابانية للمشاهير	ar	Q1134380	v2	7/10/2020	https://ar.wikipedia.org/w/index.php?title=قاعة_البيسبول_اليابانية_للمشاهير	https://ar.wikipedia.org/w/index.php?title=قاعة_البيسبول_اليابانية_للمشاهير&action=edit&redlink=1	museum
http://www.wikidata.org/entity/Q5020989	قاعة كاليفورنيا الرياضية للمشاهير	ar	Q5020989	v2	7/10/2020	https://ar.wikipedia.org/w/index.php?title=قاعة_كاليفورنيا_الرياضية_للمشاهير	https://ar.wikipedia.org/w/index.php?title=قاعة_كاليفورنيا_الرياضية_للمشاهير&action=edit&redlink=1	museum
http://www.wikidata.org/entity/Q747833	قاعة مشاهير كلية كرة القدم	ar	Q747833	v2	7/10/2020	https://ar.wikipedia.org/w/index.php?title=قاعة_مشاهير_كلية_كرة_القدم	https://ar.wikipedia.org/w/index.php?title=قاعة_مشاهير_كلية_كرة_القدم&action=edit&redlink=1	museum
http://www.wikidata.org/entity/Q1572509	قاعة مشاهير الاتحاد الدولي لألعاب القوى	ar	Q1572509	v2	7/10/2020	https://ar.wikipedia.org/w/index.php?title=قاعة_مشاهير_الاتحاد_الدولي_لألعاب_القوى	https://ar.wikipedia.org/w/index.php?title=قاعة_مشاهير_الاتحاد_الدولي_لألعاب_القوى&action=edit&redlink=1	museum
http://www.wikidata.org/entity/Q6879711	قاعة ميسوري الرياضية للمشاهير	ar	Q6879711	v2	7/10/2020	https://ar.wikipedia.org/w/index.php?title=قاعة_ميسوري_الرياضية_للمشاهير	https://ar.wikipedia.org/w/index.php?title=قاعة_ميسوري_الرياضية_للمشاهير&action=edit&redlink=1	museum
http://www.wikidata.org/entity/Q7201222	مركز القبة السماوية العلمي	ar	Q7201222	v2	7/10/2020	https://ar.wikipedia.org/w/index.php?title=مركز_القبة_السماوية_العلمي	https://ar.wikipedia.org/w/index.php?title=مركز_القبة_السماوية_العلمي&action=edit&redlink=1	museum
http://www.wikidata.org/entity/Q10386094	قاعة مشاهير الجمباز في الولايات المتحدة	ar	Q10386094	v2	7/10/2020	https://ar.wikipedia.org/w/index.php?title=قاعة_مشاهير_الجمباز_في_الولايات_المتحدة	https://ar.wikipedia.org/w/index.php?title=قاعة_مشاهير_الجمباز_في_الولايات_المتحدة&action=edit&redlink=1	museum
http://www.wikidata.org/entity/Q6979466	متحف وقاعة مشاهير المصارعة الوطنية	ar	Q6979466	v2	7/10/2020	https://ar.wikipedia.org/w/index.php?title=متحف_وقاعة_مشاهير_المصارعة_الوطنية	https://ar.wikipedia.org/w/index.php?title=متحف_وقاعة_مشاهير_المصارعة_الوطنية&action=edit&redlink=1	museum
http://www.wikidata.org/entity/Q6365057	قاعة المشاهير الرياضية بكانساس	ar	Q6365057	v2	7/10/2020	https://ar.wikipedia.org/w/index.php?title=قاعة_المشاهير_الرياضية_بكانساس	https://ar.wikipedia.org/w/index.php?title=قاعة_المشاهير_الرياضية_بكانساس&action=edit&redlink=1	museum
http://www.wikidata.org/entity/Q11990944	قاعة التزلج الوطنية للمشاهير	ar	Q11990944	v2	7/10/2020	https://ar.wikipedia.org/w/index.php?title=قاعة_التزلج_الوطنية_للمشاهير	https://ar.wikipedia.org/w/index.php?title=قاعة_التزلج_الوطنية_للمشاهير&action=edit&redlink=1	museum
http://www.wikidata.org/entity/Q6879312	قاعة ميسيسيبي الرياضية للمشاهير	ar	Q6879312	v2	7/10/2020	https://ar.wikipedia.org/w/index.php?title=قاعة_ميسيسيبي_الرياضية_للمشاهير	https://ar.wikipedia.org/w/index.php?title=قاعة_ميسيسيبي_الرياضية_للمشاهير&action=edit&redlink=1	museum
http://www.wikidata.org/entity/Q744713	قاعة مشاهير السباحة العالمية	ar	Q744713	v2	7/10/2020	https://ar.wikipedia.org/w/index.php?title=قاعة_مشاهير_السباحة_العالمية	https://ar.wikipedia.org/w/index.php?title=قاعة_مشاهير_السباحة_العالمية&action=edit&redlink=1	museum
http://www.wikidata.org/entity/Q4705325	قاعة ألاباما الرياضية للمشاهير	ar	Q4705325	v2	7/10/2020	https://ar.wikipedia.org/w/index.php?title=قاعة_ألاباما_الرياضية_للمشاهير	https://ar.wikipedia.org/w/index.php?title=قاعة_ألاباما_الرياضية_للمشاهير&action=edit&redlink=1	museum
http://www.wikidata.org/entity/Q5547739	قاعة المشاهير الرياضية بجورجيا	ar	Q5547739	v2	7/10/2020	https://ar.wikipedia.org/w/index.php?title=قاعة_المشاهير_الرياضية_بجورجيا	https://ar.wikipedia.org/w/index.php?title=قاعة_المشاهير_الرياضية_بجورجيا&action=edit&redlink=1	museum
http://www.wikidata.org/entity/Q3362502	قاعة كيبيك الرياضية للمشاهير	ar	Q3362502	v2	7/10/2020	https://ar.wikipedia.org/w/index.php?title=قاعة_كيبيك_الرياضية_للمشاهير	https://ar.wikipedia.org/w/index.php?title=قاعة_كيبيك_الرياضية_للمشاهير&action=edit&redlink=1	museum
http://www.wikidata.org/entity/Q373374	عضو قاعة مشاهير ريسلينغ أوبسيرفر	ar	Q373374	v2	7/10/2020	https://ar.wikipedia.org/w/index.php?title=عضو_قاعة_مشاهير_ريسلينغ_أوبسيرفر	https://ar.wikipedia.org/w/index.php?title=عضو_قاعة_مشاهير_ريسلينغ_أوبسيرفر&action=edit&redlink=1	museum
http://www.wikidata.org/entity/Q607607	قاعة مشاهير الدراجة الجبلية	ar	Q607607	v2	7/10/2020	https://ar.wikipedia.org/w/index.php?title=قاعة_مشاهير_الدراجة_الجبلية	https://ar.wikipedia.org/w/index.php?title=قاعة_مشاهير_الدراجة_الجبلية&action=edit&redlink=1	museum
http://www.wikidata.org/entity/Q4711825	قاعة المشاهير الرياضة والمتحف في ألبرتا	ar	Q4711825	v2	7/10/2020	https://ar.wikipedia.org/w/index.php?title=قاعة_المشاهير_الرياضة_والمتحف_في_ألبرتا	https://ar.wikipedia.org/w/index.php?title=قاعة_المشاهير_الرياضة_والمتحف_في_ألبرتا&action=edit&redlink=1	museum
http://www.wikidata.org/entity/Q6750158	قاعة المشاهير الرياضة والمتحف في مانيتوبا	ar	Q6750158	v2	7/10/2020	https://ar.wikipedia.org/w/index.php?title=قاعة_المشاهير_الرياضة_والمتحف_في_مانيتوبا	https://ar.wikipedia.org/w/index.php?title=قاعة_المشاهير_الرياضة_والمتحف_في_مانيتوبا&action=edit&redlink=1	museum
http://www.wikidata.org/entity/Q7934524	قاعة المشاهير الرياضية والمتحف في فرجينيا	ar	Q7934524	v2	7/10/2020	https://ar.wikipedia.org/w/index.php?title=قاعة_المشاهير_الرياضية_والمتحف_في_فرجينيا	https://ar.wikipedia.org/w/index.php?title=قاعة_المشاهير_الرياضية_والمتحف_في_فرجينيا&action=edit&redlink=1	museum
http://www.wikidata.org/entity/Q13954816	قاعة نيوزيلندا الرياضية للمشاهير	ar	Q13954816	v2	7/10/2020	https://ar.wikipedia.org/w/index.php?title=قاعة_نيوزيلندا_الرياضية_للمشاهير	https://ar.wikipedia.org/w/index.php?title=قاعة_نيوزيلندا_الرياضية_للمشاهير&action=edit&redlink=1	museum
http://www.wikidata.org/entity/Q52454	قاعة مشاهير كرة المضرب الدولية	ar	Q52454	v2	7/10/2020	https://ar.wikipedia.org/w/index.php?title=قاعة_مشاهير_كرة_المضرب_الدولية	https://ar.wikipedia.org/w/index.php?title=قاعة_مشاهير_كرة_المضرب_الدولية&action=edit&redlink=1	museum
http://www.wikidata.org/entity/Q5030563	قاعة التزلج الكندية للمشاهير	ar	Q5030563	v2	7/10/2020	https://ar.wikipedia.org/w/index.php?title=قاعة_التزلج_الكندية_للمشاهير	https://ar.wikipedia.org/w/index.php?title=قاعة_التزلج_الكندية_للمشاهير&action=edit&redlink=1	museum
http://www.wikidata.org/entity/Q15271575	قاعة أستراليا الرياضية للمشاهير	ar	Q15271575	v2	7/10/2020	https://ar.wikipedia.org/w/index.php?title=قاعة_أستراليا_الرياضية_للمشاهير	https://ar.wikipedia.org/w/index.php?title=قاعة_أستراليا_الرياضية_للمشاهير&action=edit&redlink=1	museum
http://www.wikidata.org/entity/Q29641910	قاعة فيرمونت الرياضية للمشاهير	ar	Q29641910	v2	7/10/2020	https://ar.wikipedia.org/w/index.php?title=قاعة_فيرمونت_الرياضية_للمشاهير	https://ar.wikipedia.org/w/index.php?title=قاعة_فيرمونت_الرياضية_للمشاهير&action=edit&redlink=1	museum
http://www.wikidata.org/entity/Q30680644	قاعة نيو مكسيكو الرياضية للمشاهير	ar	Q30680644	v2	7/10/2020	https://ar.wikipedia.org/w/index.php?title=قاعة_نيو_مكسيكو_الرياضية_للمشاهير	https://ar.wikipedia.org/w/index.php?title=قاعة_نيو_مكسيكو_الرياضية_للمشاهير&action=edit&redlink=1	museum
http://www.wikidata.org/entity/Q5148916	قاعة كولورادو الرياضية للمشاهير	ar	Q5148916	v2	7/10/2020	https://ar.wikipedia.org/w/index.php?title=قاعة_كولورادو_الرياضية_للمشاهير	https://ar.wikipedia.org/w/index.php?title=قاعة_كولورادو_الرياضية_للمشاهير&action=edit&redlink=1	museum
http://www.wikidata.org/entity/Q41655480	قاعة أوكلاهوما الرياضية للمشاهير	ar	Q41655480	v2	7/10/2020	https://ar.wikipedia.org/w/index.php?title=قاعة_أوكلاهوما_الرياضية_للمشاهير	https://ar.wikipedia.org/w/index.php?title=قاعة_أوكلاهوما_الرياضية_للمشاهير&action=edit&redlink=1	museum
http://www.wikidata.org/entity/Q41822070	قاعة التنس النسائية الجماعية للمشاهير	ar	Q41822070	v2	7/10/2020	https://ar.wikipedia.org/w/index.php?title=قاعة_التنس_النسائية_الجماعية_للمشاهير	https://ar.wikipedia.org/w/index.php?title=قاعة_التنس_النسائية_الجماعية_للمشاهير&action=edit&redlink=1	museum
http://www.wikidata.org/entity/Q29075731	قاعة كارولاينا الجنوبية الرياضية للمشاهير	ar	Q29075731	v2	7/10/2020	https://ar.wikipedia.org/w/index.php?title=قاعة_كارولاينا_الجنوبية_الرياضية_للمشاهير	https://ar.wikipedia.org/w/index.php?title=قاعة_كارولاينا_الجنوبية_الرياضية_للمشاهير&action=edit&redlink=1	museum
http://www.wikidata.org/entity/Q28162655	قاعة المشاهير الرياضية بهاواي	ar	Q28162655	v2	7/10/2020	https://ar.wikipedia.org/w/index.php?title=قاعة_المشاهير_الرياضية_بهاواي	https://ar.wikipedia.org/w/index.php?title=قاعة_المشاهير_الرياضية_بهاواي&action=edit&redlink=1	museum
http://www.wikidata.org/entity/Q18128982	قاعة أونتاريو الرياضية للمشاهير	ar	Q18128982	v2	7/10/2020	https://ar.wikipedia.org/w/index.php?title=قاعة_أونتاريو_الرياضية_للمشاهير	https://ar.wikipedia.org/w/index.php?title=قاعة_أونتاريو_الرياضية_للمشاهير&action=edit&redlink=1	museum
http://www.wikidata.org/entity/Q56056966	قاعة ساسكاتشوان الرياضية للمشاهير	ar	Q56056966	v2	7/10/2020	https://ar.wikipedia.org/w/index.php?title=قاعة_ساسكاتشوان_الرياضية_للمشاهير	https://ar.wikipedia.org/w/index.php?title=قاعة_ساسكاتشوان_الرياضية_للمشاهير&action=edit&redlink=1	museum
http://www.wikidata.org/entity/Q41628143	قاعة كارولاينا الشمالية الرياضية للمشاهير	ar	Q41628143	v2	7/10/2020	https://ar.wikipedia.org/w/index.php?title=قاعة_كارولاينا_الشمالية_الرياضية_للمشاهير	https://ar.wikipedia.org/w/index.php?title=قاعة_كارولاينا_الشمالية_الرياضية_للمشاهير&action=edit&redlink=1	museum
http://www.wikidata.org/entity/Q36948990	أراشيف القرن العشرين الصحفية	ar	Q36948990	v2	7/10/2020	https://ar.wikipedia.org/w/index.php?title=أراشيف_القرن_العشرين_الصحفية	https://ar.wikipedia.org/w/index.php?title=أراشيف_القرن_العشرين_الصحفية&action=edit&redlink=1	museum
http://www.wikidata.org/entity/Q43839580	قاعة مشاهير كرة القدم في كوينزلاند الأسترالية	ar	Q43839580	v2	7/10/2020	https://ar.wikipedia.org/w/index.php?title=قاعة_مشاهير_كرة_القدم_في_كوينزلاند_الأسترالية	https://ar.wikipedia.org/w/index.php?title=قاعة_مشاهير_كرة_القدم_في_كوينزلاند_الأسترالية&action=edit&redlink=1	museum
http://www.wikidata.org/entity/Q1094302	مدينة الموسيقى	ar	Q1094302	v2	7/10/2020	https://ar.wikipedia.org/w/index.php?title=مدينة_الموسيقى	https://ar.wikipedia.org/w/index.php?title=مدينة_الموسيقى&action=edit&redlink=1	museum
http://www.wikidata.org/entity/Q337224	الأكاديمية البرازيلية للرسائل	ar	Q337224	v2	7/10/2020	https://ar.wikipedia.org/w/index.php?title=الأكاديمية_البرازيلية_للرسائل	https://ar.wikipedia.org/w/index.php?title=الأكاديمية_البرازيلية_للرسائل&action=edit&redlink=1	museum
http://www.wikidata.org/entity/Q3280225	منزل مسقط رأس شارل ديغول	ar	Q3280225	v2	7/10/2020	https://ar.wikipedia.org/w/index.php?title=منزل_مسقط_رأس_شارل_ديغول	https://ar.wikipedia.org/w/index.php?title=منزل_مسقط_رأس_شارل_ديغول&action=edit&redlink=1	museum
http://www.wikidata.org/entity/Q2874177	متحف دوردريتس	ar	Q2874177	v2	7/10/2020	https://ar.wikipedia.org/w/index.php?title=متحف_دوردريتس	https://ar.wikipedia.org/w/index.php?title=متحف_دوردريتس&action=edit&redlink=1	museum
http://www.wikidata.org/entity/Q1129820	كوبر هيويت، متحف تصميم سميثسونيان	ar	Q1129820	v2	7/10/2020	https://ar.wikipedia.org/w/index.php?title=كوبر_هيويت،_متحف_تصميم_سميثسونيان	https://ar.wikipedia.org/w/index.php?title=كوبر_هيويت،_متحف_تصميم_سميثسونيان&action=edit&redlink=1	museum
http://www.wikidata.org/entity/Q2157822	متحف بد جقمان	ar	Q2157822	v2	7/10/2020	https://ar.wikipedia.org/w/index.php?title=متحف_بد_جقمان	https://ar.wikipedia.org/w/index.php?title=متحف_بد_جقمان&action=edit&redlink=1	museum
http://www.wikidata.org/entity/Q3182302	متحف جوتلاندز	ar	Q3182302	v2	7/10/2020	https://ar.wikipedia.org/w/index.php?title=متحف_جوتلاندز	https://ar.wikipedia.org/w/index.php?title=متحف_جوتلاندز&action=edit&redlink=1	museum
http://www.wikidata.org/entity/Q390003	منزل أينشتاين	ar	Q390003	v2	7/10/2020	https://ar.wikipedia.org/w/index.php?title=منزل_أينشتاين	https://ar.wikipedia.org/w/index.php?title=منزل_أينشتاين&action=edit&redlink=1	museum
http://www.wikidata.org/entity/Q535586	متحف أسوان	ar	Q535586	v2	7/10/2020	https://ar.wikipedia.org/w/index.php?title=متحف_أسوان	https://ar.wikipedia.org/w/index.php?title=متحف_أسوان&action=edit&redlink=1	museum
http://www.wikidata.org/entity/Q1400323	متحف نفق الحياة	ar	Q1400323	v2	7/10/2020	https://ar.wikipedia.org/w/index.php?title=متحف_نفق_الحياة	https://ar.wikipedia.org/w/index.php?title=متحف_نفق_الحياة&action=edit&redlink=1	museum
http://www.wikidata.org/entity/Q1776168	دير ساو فيسنتي دي فورا	ar	Q1776168	v2	7/10/2020	https://ar.wikipedia.org/w/index.php?title=دير_ساو_فيسنتي_دي_فورا	https://ar.wikipedia.org/w/index.php?title=دير_ساو_فيسنتي_دي_فورا&action=edit&redlink=1	museum
http://www.wikidata.org/entity/Q1809071	متحف التصاميم في غنت	ar	Q1809071	v2	7/10/2020	https://ar.wikipedia.org/w/index.php?title=متحف_التصاميم_في_غنت	https://ar.wikipedia.org/w/index.php?title=متحف_التصاميم_في_غنت&action=edit&redlink=1	museum
http://www.wikidata.org/entity/Q663764	معسكر أوشفيتز بيركينو	ar	Q663764	v2	7/10/2020	https://ar.wikipedia.org/w/index.php?title=معسكر_أوشفيتز_بيركينو	https://ar.wikipedia.org/w/index.php?title=معسكر_أوشفيتز_بيركينو&action=edit&redlink=1	museum
http://www.wikidata.org/entity/Q3329706	متحف بني عباس	ar	Q3329706	v2	7/10/2020	https://ar.wikipedia.org/w/index.php?title=متحف_بني_عباس	https://ar.wikipedia.org/w/index.php?title=متحف_بني_عباس&action=edit&redlink=1	museum
http://www.wikidata.org/entity/Q3330063	متحف بوابة مسقط	ar	Q3330063	v2	7/10/2020	https://ar.wikipedia.org/w/index.php?title=متحف_بوابة_مسقط	https://ar.wikipedia.org/w/index.php?title=متحف_بوابة_مسقط&action=edit&redlink=1	museum
http://www.wikidata.org/entity/Q3329701	متحف بريتاني	ar	Q3329701	v2	7/10/2020	https://ar.wikipedia.org/w/index.php?title=متحف_بريتاني	https://ar.wikipedia.org/w/index.php?title=متحف_بريتاني&action=edit&redlink=1	museum
http://www.wikidata.org/entity/Q3330723	المتحف الوطني للاثار القديمة و الفنون الاسلامية	ar	Q3330723	v2	7/10/2020	https://ar.wikipedia.org/w/index.php?title=المتحف_الوطني_للاثار_القديمة_و_الفنون_الاسلامية	https://ar.wikipedia.org/w/index.php?title=المتحف_الوطني_للاثار_القديمة_و_الفنون_الاسلامية&action=edit&redlink=1	museum
http://www.wikidata.org/entity/Q663776	المتحف الوطني للفن الحديث والمعاصر الجزائر	ar	Q663776	v2	7/10/2020	https://ar.wikipedia.org/w/index.php?title=المتحف_الوطني_للفن_الحديث_والمعاصر_الجزائر	https://ar.wikipedia.org/w/index.php?title=المتحف_الوطني_للفن_الحديث_والمعاصر_الجزائر&action=edit&redlink=1	museum
http://www.wikidata.org/entity/Q3329633	متحف الفن الإسلامي بمراكش	ar	Q3329633	v2	7/10/2020	https://ar.wikipedia.org/w/index.php?title=متحف_الفن_الإسلامي_بمراكش	https://ar.wikipedia.org/w/index.php?title=متحف_الفن_الإسلامي_بمراكش&action=edit&redlink=1	museum
http://www.wikidata.org/entity/Q4306182	متحف سلافات يولاييف	ar	Q4306182	v2	7/10/2020	https://ar.wikipedia.org/w/index.php?title=متحف_سلافات_يولاييف	https://ar.wikipedia.org/w/index.php?title=متحف_سلافات_يولاييف&action=edit&redlink=1	museum
http://www.wikidata.org/entity/Q2072647	المركز الوطني للفنون البلاستيكية	ar	Q2072647	v2	7/10/2020	https://ar.wikipedia.org/w/index.php?title=المركز_الوطني_للفنون_البلاستيكية	https://ar.wikipedia.org/w/index.php?title=المركز_الوطني_للفنون_البلاستيكية&action=edit&redlink=1	museum
http://www.wikidata.org/entity/Q2023744	متحف التاريخ المعاصر	ar	Q2023744	v2	7/10/2020	https://ar.wikipedia.org/w/index.php?title=متحف_التاريخ_المعاصر	https://ar.wikipedia.org/w/index.php?title=متحف_التاريخ_المعاصر&action=edit&redlink=1	museum
http://www.wikidata.org/entity/Q672751	انسبورك شوارفسكي	ar	Q672751	v2	7/10/2020	https://ar.wikipedia.org/w/index.php?title=انسبورك_شوارفسكي	https://ar.wikipedia.org/w/index.php?title=انسبورك_شوارفسكي&action=edit&redlink=1	museum
http://www.wikidata.org/entity/Q679527	متحف بويجمانز فان بيونينغن	ar	Q679527	v2	7/10/2020	https://ar.wikipedia.org/w/index.php?title=متحف_بويجمانز_فان_بيونينغن	https://ar.wikipedia.org/w/index.php?title=متحف_بويجمانز_فان_بيونينغن&action=edit&redlink=1	museum
http://www.wikidata.org/entity/Q756098	القلعة الملكية	ar	Q756098	v2	7/10/2020	https://ar.wikipedia.org/w/index.php?title=القلعة_الملكية	https://ar.wikipedia.org/w/index.php?title=القلعة_الملكية&action=edit&redlink=1	museum
http://www.wikidata.org/entity/Q5046116	متحف المركبات الملكية	ar	Q5046116	v2	7/10/2020	https://ar.wikipedia.org/w/index.php?title=متحف_المركبات_الملكية	https://ar.wikipedia.org/w/index.php?title=متحف_المركبات_الملكية&action=edit&redlink=1	museum
http://www.wikidata.org/entity/Q3855723	متحف سيدي محمد بن عبدالله	ar	Q3855723	v2	7/10/2020	https://ar.wikipedia.org/w/index.php?title=متحف_سيدي_محمد_بن_عبدالله	https://ar.wikipedia.org/w/index.php?title=متحف_سيدي_محمد_بن_عبدالله&action=edit&redlink=1	museum
http://www.wikidata.org/entity/Q6940969	المتحف العماني	ar	Q6940969	v2	7/10/2020	https://ar.wikipedia.org/w/index.php?title=المتحف_العماني	https://ar.wikipedia.org/w/index.php?title=المتحف_العماني&action=edit&redlink=1	museum
http://www.wikidata.org/entity/Q7881638	متحف ام كلثوم	ar	Q7881638	v2	7/10/2020	https://ar.wikipedia.org/w/index.php?title=متحف_ام_كلثوم	https://ar.wikipedia.org/w/index.php?title=متحف_ام_كلثوم&action=edit&redlink=1	museum
http://www.wikidata.org/entity/Q3868183	متحف سانتا جوليا	ar	Q3868183	v2	7/10/2020	https://ar.wikipedia.org/w/index.php?title=متحف_سانتا_جوليا	https://ar.wikipedia.org/w/index.php?title=متحف_سانتا_جوليا&action=edit&redlink=1	museum
http://www.wikidata.org/entity/Q7374509	متاحف غرينتش الملكية	ar	Q7374509	v2	7/10/2020	https://ar.wikipedia.org/w/index.php?title=متاحف_غرينتش_الملكية	https://ar.wikipedia.org/w/index.php?title=متاحف_غرينتش_الملكية&action=edit&redlink=1	museum
http://www.wikidata.org/entity/Q10275655	متحف العلوم في جامعة ساو باولو	ar	Q10275655	v2	7/10/2020	https://ar.wikipedia.org/w/index.php?title=متحف_العلوم_في_جامعة_ساو_باولو	https://ar.wikipedia.org/w/index.php?title=متحف_العلوم_في_جامعة_ساو_باولو&action=edit&redlink=1	museum
http://www.wikidata.org/entity/Q7085085	بيت الدولة القديم	ar	Q7085085	v2	7/10/2020	https://ar.wikipedia.org/w/index.php?title=بيت_الدولة_القديم	https://ar.wikipedia.org/w/index.php?title=بيت_الدولة_القديم&action=edit&redlink=1	museum
http://www.wikidata.org/entity/Q20401860	متحف جدعية	ar	Q20401860	v2	7/10/2020	https://ar.wikipedia.org/w/index.php?title=متحف_جدعية	https://ar.wikipedia.org/w/index.php?title=متحف_جدعية&action=edit&redlink=1	museum
http://www.wikidata.org/entity/Q16327758	متحف قسطنطين كفافيس	ar	Q16327758	v2	7/10/2020	https://ar.wikipedia.org/w/index.php?title=متحف_قسطنطين_كفافيس	https://ar.wikipedia.org/w/index.php?title=متحف_قسطنطين_كفافيس&action=edit&redlink=1	museum
http://www.wikidata.org/entity/Q20888634	المعهد الجديد	ar	Q20888634	v2	7/10/2020	https://ar.wikipedia.org/w/index.php?title=المعهد_الجديد	https://ar.wikipedia.org/w/index.php?title=المعهد_الجديد&action=edit&redlink=1	museum
http://www.wikidata.org/entity/Q63967838	متحف الخط العربي	ar	Q63967838	v2	7/10/2020	https://ar.wikipedia.org/w/index.php?title=متحف_الخط_العربي	https://ar.wikipedia.org/w/index.php?title=متحف_الخط_العربي&action=edit&redlink=1	museum
http://www.wikidata.org/entity/Q60786727	متحف البركل	ar	Q60786727	v2	7/10/2020	https://ar.wikipedia.org/w/index.php?title=متحف_البركل	https://ar.wikipedia.org/w/index.php?title=متحف_البركل&action=edit&redlink=1	museum
http://www.wikidata.org/entity/Q66814373	متحف الشرق	ar	Q66814373	v2	7/10/2020	https://ar.wikipedia.org/w/index.php?title=متحف_الشرق	https://ar.wikipedia.org/w/index.php?title=متحف_الشرق&action=edit&redlink=1	museum
http://www.wikidata.org/entity/Q63973129	متحف السويس القومي	ar	Q63973129	v2	7/10/2020	https://ar.wikipedia.org/w/index.php?title=متحف_السويس_القومي	https://ar.wikipedia.org/w/index.php?title=متحف_السويس_القومي&action=edit&redlink=1	museum
http://www.wikidata.org/entity/Q252430	الغول	ar	Q252430	v2	7/10/2020	https://ar.wikipedia.org/w/index.php?title=الغول	https://ar.wikipedia.org/w/index.php?title=الغول&action=edit&redlink=1	museum
http://www.wikidata.org/entity/Q3656204	المحكمة العليا للانتخابات	ar	Q3656204	v2	7/10/2020	https://ar.wikipedia.org/w/index.php?title=المحكمة_العليا_للانتخابات	https://ar.wikipedia.org/w/index.php?title=المحكمة_العليا_للانتخابات&action=edit&redlink=1	museum
http://www.wikidata.org/entity/Q4689837	الدوريات الأفريقية على الإنترنت	ar	Q4689837	v2	7/10/2020	https://ar.wikipedia.org/w/index.php?title=الدوريات_الأفريقية_على_الإنترنت	https://ar.wikipedia.org/w/index.php?title=الدوريات_الأفريقية_على_الإنترنت&action=edit&redlink=1	museum
http://www.wikidata.org/entity/Q3522708	المكتبة الرقمية الهندية	ar	Q3522708	v2	7/10/2020	https://ar.wikipedia.org/w/index.php?title=المكتبة_الرقمية_الهندية	https://ar.wikipedia.org/w/index.php?title=المكتبة_الرقمية_الهندية&action=edit&redlink=1	library
http://www.wikidata.org/entity/Q2892902	مركز المعلومات للفن الإسرائيلي	ar	Q2892902	v2	7/10/2020	https://ar.wikipedia.org/w/index.php?title=مركز_المعلومات_للفن_الإسرائيلي	https://ar.wikipedia.org/w/index.php?title=مركز_المعلومات_للفن_الإسرائيلي&action=edit&redlink=1	library
http://www.wikidata.org/entity/Q265049	قوسي الشكل	ar	Q265049	v2	7/10/2020	https://ar.wikipedia.org/w/index.php?title=قوسي_الشكل	https://ar.wikipedia.org/w/index.php?title=قوسي_الشكل&action=edit&redlink=1	
http://www.wikidata.org/entity/Q5062931	مركز بحوث وتوثيق التاريخ المعاصر للبرازيل	ar	Q5062931	v2	7/10/2020	https://ar.wikipedia.org/w/index.php?title=مركز_بحوث_وتوثيق_التاريخ_المعاصر_للبرازيل	https://ar.wikipedia.org/w/index.php?title=مركز_بحوث_وتوثيق_التاريخ_المعاصر_للبرازيل&action=edit&redlink=1	library
http://www.wikidata.org/entity/Q1820598	العلوم الاجتماعية الكلاسيكية	ar	Q1820598	v2	7/10/2020	https://ar.wikipedia.org/w/index.php?title=العلوم_الاجتماعية_الكلاسيكية	https://ar.wikipedia.org/w/index.php?title=العلوم_الاجتماعية_الكلاسيكية&action=edit&redlink=1	library
http://www.wikidata.org/entity/Q1476351	مشروع ميوز	ar	Q1476351	v2	7/10/2020	https://ar.wikipedia.org/w/index.php?title=مشروع_ميوز	https://ar.wikipedia.org/w/index.php?title=مشروع_ميوز&action=edit&redlink=1	library
http://www.wikidata.org/entity/Q1667757	المعهد الدولي للتاريخ الاجتماعي	ar	Q1667757	v2	7/10/2020	https://ar.wikipedia.org/w/index.php?title=المعهد_الدولي_للتاريخ_الاجتماعي	https://ar.wikipedia.org/w/index.php?title=المعهد_الدولي_للتاريخ_الاجتماعي&action=edit&redlink=1	library
http://www.wikidata.org/entity/Q19152899	المحفوظات التاريخية للاتحاد الأوروبي	ar	Q19152899	v2	7/10/2020	https://ar.wikipedia.org/w/index.php?title=المحفوظات_التاريخية_للاتحاد_الأوروبي	https://ar.wikipedia.org/w/index.php?title=المحفوظات_التاريخية_للاتحاد_الأوروبي&action=edit&redlink=1	library
http://www.wikidata.org/entity/Q7305434	ريداليك	ar	Q7305434	v2	7/10/2020	https://ar.wikipedia.org/w/index.php?title=ريداليك	https://ar.wikipedia.org/w/index.php?title=ريداليك&action=edit&redlink=1	library
http://www.wikidata.org/entity/Q4181965	قاعة المجلة	ar	Q4181965	v2	7/10/2020	https://ar.wikipedia.org/w/index.php?title=قاعة_المجلة	https://ar.wikipedia.org/w/index.php?title=قاعة_المجلة&action=edit&redlink=1	museum
http://www.wikidata.org/entity/Q172266	مكتبة تراث التنوع البيولوجي	ar	Q172266	v2	7/10/2020	https://ar.wikipedia.org/w/index.php?title=مكتبة_تراث_التنوع_البيولوجي	https://ar.wikipedia.org/w/index.php?title=مكتبة_تراث_التنوع_البيولوجي&action=edit&redlink=1	library
http://www.wikidata.org/entity/Q570837	المكتبة اللاتينية	ar	Q570837	v2	7/10/2020	https://ar.wikipedia.org/w/index.php?title=المكتبة_اللاتينية	https://ar.wikipedia.org/w/index.php?title=المكتبة_اللاتينية&action=edit&redlink=1	library
http://www.wikidata.org/entity/Q639661	مشروع برساوس	ar	Q639661	v2	7/10/2020	https://ar.wikipedia.org/w/index.php?title=مشروع_برساوس	https://ar.wikipedia.org/w/index.php?title=مشروع_برساوس&action=edit&redlink=1	library
http://www.wikidata.org/entity/Q83466	أوزورا بونكو	ar	Q83466	v2	7/10/2020	https://ar.wikipedia.org/w/index.php?title=أوزورا_بونكو	https://ar.wikipedia.org/w/index.php?title=أوزورا_بونكو&action=edit&redlink=1	library
http://www.wikidata.org/entity/Q367840	Biblioteca de la universitat de Sydney	ca	Q367840	v2	7/10/2020	https://ca.wikipedia.org/w/index.php?title=Biblioteca_de_la_universitat_de_Sydney	https://ca.wikipedia.org/w/index.php?title=Biblioteca_de_la_universitat_de_Sydney&action=edit&redlink=1	library
http://www.wikidata.org/entity/Q616272	Biblioteca de Xangai	ca	Q616272	v2	7/10/2020	https://ca.wikipedia.org/w/index.php?title=Biblioteca_de_Xangai	https://ca.wikipedia.org/w/index.php?title=Biblioteca_de_Xangai&action=edit&redlink=1	library
http://www.wikidata.org/entity/Q638395	Biblioteca de la Universitat de Leiden	ca	Q638395	v2	7/10/2020	https://ca.wikipedia.org/w/index.php?title=Biblioteca_de_la_Universitat_de_Leiden	https://ca.wikipedia.org/w/index.php?title=Biblioteca_de_la_Universitat_de_Leiden&action=edit&redlink=1	library
http://www.wikidata.org/entity/Q377579	Museu d'Art de Baltimore	ca	Q377579	v2	7/10/2020	https://ca.wikipedia.org/w/index.php?title=Museu_d'Art_de_Baltimore	https://ca.wikipedia.org/w/index.php?title=Museu_d'Art_de_Baltimore&action=edit&redlink=1	museum
http://www.wikidata.org/entity/Q59435	Museu Leopold	ca	Q59435	v2	7/10/2020	https://ca.wikipedia.org/w/index.php?title=Museu_Leopold	https://ca.wikipedia.org/w/index.php?title=Museu_Leopold&action=edit&redlink=1	museum
http://www.wikidata.org/entity/Q1362629	Museu Nacional d'Art Occidental	ca	Q1362629	v2	7/10/2020	https://ca.wikipedia.org/w/index.php?title=Museu_Nacional_d'Art_Occidental	https://ca.wikipedia.org/w/index.php?title=Museu_Nacional_d'Art_Occidental&action=edit&redlink=1	museum
http://www.wikidata.org/entity/Q878754	Museu Santa Anna	ca	Q878754	v2	7/10/2020	https://ca.wikipedia.org/w/index.php?title=Museu_Santa_Anna	https://ca.wikipedia.org/w/index.php?title=Museu_Santa_Anna&action=edit&redlink=1	museum
http://www.wikidata.org/entity/Q318289	Fundació Abegg	ca	Q318289	v2	7/10/2020	https://ca.wikipedia.org/w/index.php?title=Fundació_Abegg	https://ca.wikipedia.org/w/index.php?title=Fundació_Abegg&action=edit&redlink=1	library
http://www.wikidata.org/entity/Q1368166	Museu d'art de San Diego	ca	Q1368166	v2	7/10/2020	https://ca.wikipedia.org/w/index.php?title=Museu_d'art_de_San_Diego	https://ca.wikipedia.org/w/index.php?title=Museu_d'art_de_San_Diego&action=edit&redlink=1	museum
http://www.wikidata.org/entity/Q428765	Museu de Belles Arts de Nancy	ca	Q428765	v2	7/10/2020	https://ca.wikipedia.org/w/index.php?title=Museu_de_Belles_Arts_de_Nancy	https://ca.wikipedia.org/w/index.php?title=Museu_de_Belles_Arts_de_Nancy&action=edit&redlink=1	museum
http://www.wikidata.org/entity/Q865736	Museu d'Art de Birmingham	ca	Q865736	v2	7/10/2020	https://ca.wikipedia.org/w/index.php?title=Museu_d'Art_de_Birmingham	https://ca.wikipedia.org/w/index.php?title=Museu_d'Art_de_Birmingham&action=edit&redlink=1	museum
http://www.wikidata.org/entity/Q1439912	Museu Pius-Clementí	ca	Q1439912	v2	7/10/2020	https://ca.wikipedia.org/w/index.php?title=Museu_Pius-Clementí	https://ca.wikipedia.org/w/index.php?title=Museu_Pius-Clementí&action=edit&redlink=1	museum
http://www.wikidata.org/entity/Q1400558	Biblioteca Huntington	ca	Q1400558	v2	7/10/2020	https://ca.wikipedia.org/w/index.php?title=Biblioteca_Huntington	https://ca.wikipedia.org/w/index.php?title=Biblioteca_Huntington&action=edit&redlink=1	library
http://www.wikidata.org/entity/Q1421440	Museu Fitzwilliam	ca	Q1421440	v2	7/10/2020	https://ca.wikipedia.org/w/index.php?title=Museu_Fitzwilliam	https://ca.wikipedia.org/w/index.php?title=Museu_Fitzwilliam&action=edit&redlink=1	museum
http://www.wikidata.org/entity/Q461277	Museu Palau d'Art de Düsseldorf	ca	Q461277	v2	7/10/2020	https://ca.wikipedia.org/w/index.php?title=Museu_Palau_d'Art_de_Düsseldorf	https://ca.wikipedia.org/w/index.php?title=Museu_Palau_d'Art_de_Düsseldorf&action=edit&redlink=1	museum
http://www.wikidata.org/entity/Q1572452	museu Cognacq-Jay	ca	Q1572452	v2	7/10/2020	https://ca.wikipedia.org/w/index.php?title=museu_Cognacq-Jay	https://ca.wikipedia.org/w/index.php?title=museu_Cognacq-Jay&action=edit&redlink=1	museum
http://www.wikidata.org/entity/Q1416890	Museu de Belles Arts de San Francisco	ca	Q1416890	v2	7/10/2020	https://ca.wikipedia.org/w/index.php?title=Museu_de_Belles_Arts_de_San_Francisco	https://ca.wikipedia.org/w/index.php?title=Museu_de_Belles_Arts_de_San_Francisco&action=edit&redlink=1	museum
http://www.wikidata.org/entity/Q856483	Biblioteca de la Fundació Friedrich Ebert	ca	Q856483	v2	7/10/2020	https://ca.wikipedia.org/w/index.php?title=Biblioteca_de_la_Fundació_Friedrich_Ebert	https://ca.wikipedia.org/w/index.php?title=Biblioteca_de_la_Fundació_Friedrich_Ebert&action=edit&redlink=1	library
http://www.wikidata.org/entity/Q1756399	Museu d'Art Contemporani de Teheran	ca	Q1756399	v2	7/10/2020	https://ca.wikipedia.org/w/index.php?title=Museu_d'Art_Contemporani_de_Teheran	https://ca.wikipedia.org/w/index.php?title=Museu_d'Art_Contemporani_de_Teheran&action=edit&redlink=1	museum
http://www.wikidata.org/entity/Q3639582	Biblioteca Europea d'Informació i Cultura	ca	Q3639582	v2	7/10/2020	https://ca.wikipedia.org/w/index.php?title=Biblioteca_Europea_d'Informació_i_Cultura	https://ca.wikipedia.org/w/index.php?title=Biblioteca_Europea_d'Informació_i_Cultura&action=edit&redlink=1	library
http://www.wikidata.org/entity/Q616676	Palau Fortuny	ca	Q616676	v2	7/10/2020	https://ca.wikipedia.org/w/index.php?title=Palau_Fortuny	https://ca.wikipedia.org/w/index.php?title=Palau_Fortuny&action=edit&redlink=1	museum
http://www.wikidata.org/entity/Q1760539	Museu d'Art de Saint Louis	ca	Q1760539	v2	7/10/2020	https://ca.wikipedia.org/w/index.php?title=Museu_d'Art_de_Saint_Louis	https://ca.wikipedia.org/w/index.php?title=Museu_d'Art_de_Saint_Louis&action=edit&redlink=1	museum
http://www.wikidata.org/entity/Q653002	Col·leccions Nacionals de Dresden	ca	Q653002	v2	7/10/2020	https://ca.wikipedia.org/w/index.php?title=Col·leccions_Nacionals_de_Dresden	https://ca.wikipedia.org/w/index.php?title=Col·leccions_Nacionals_de_Dresden&action=edit&redlink=1	museum
http://www.wikidata.org/entity/Q569079	museu de Belles Arts de Caen	ca	Q569079	v2	7/10/2020	https://ca.wikipedia.org/w/index.php?title=museu_de_Belles_Arts_de_Caen	https://ca.wikipedia.org/w/index.php?title=museu_de_Belles_Arts_de_Caen&action=edit&redlink=1	museum
http://www.wikidata.org/entity/Q1895953	Museu Nacional d'Art Modern	ca	Q1895953	v2	7/10/2020	https://ca.wikipedia.org/w/index.php?title=Museu_Nacional_d'Art_Modern	https://ca.wikipedia.org/w/index.php?title=Museu_Nacional_d'Art_Modern&action=edit&redlink=1	museum
http://www.wikidata.org/entity/Q666331	Fundació Col·lecció E. G. Bührle	ca	Q666331	v2	7/10/2020	https://ca.wikipedia.org/w/index.php?title=Fundació_Col·lecció_E._G._Bührle	https://ca.wikipedia.org/w/index.php?title=Fundació_Col·lecció_E._G._Bührle&action=edit&redlink=1	library
http://www.wikidata.org/entity/Q3867648	Museu Stieglitz d'Arts Aplicades	ca	Q3867648	v2	7/10/2020	https://ca.wikipedia.org/w/index.php?title=Museu_Stieglitz_d'Arts_Aplicades	https://ca.wikipedia.org/w/index.php?title=Museu_Stieglitz_d'Arts_Aplicades&action=edit&redlink=1	museum
http://www.wikidata.org/entity/Q671384	Museu Nacional de Dinamarca	ca	Q671384	v2	7/10/2020	https://ca.wikipedia.org/w/index.php?title=Museu_Nacional_de_Dinamarca	https://ca.wikipedia.org/w/index.php?title=Museu_Nacional_de_Dinamarca&action=edit&redlink=1	museum
http://www.wikidata.org/entity/Q1546378	Observatori de Collurania-Teramo	ca	Q1546378	v2	7/10/2020	https://ca.wikipedia.org/w/index.php?title=Observatori_de_Collurania-Teramo	https://ca.wikipedia.org/w/index.php?title=Observatori_de_Collurania-Teramo&action=edit&redlink=1	museum
http://www.wikidata.org/entity/Q3330214	Museu de Pont-Aven	ca	Q3330214	v2	7/10/2020	https://ca.wikipedia.org/w/index.php?title=Museu_de_Pont-Aven	https://ca.wikipedia.org/w/index.php?title=Museu_de_Pont-Aven&action=edit&redlink=1	museum
http://www.wikidata.org/entity/Q3330222	museu de belles arts de Valenciennes	ca	Q3330222	v2	7/10/2020	https://ca.wikipedia.org/w/index.php?title=museu_de_belles_arts_de_Valenciennes	https://ca.wikipedia.org/w/index.php?title=museu_de_belles_arts_de_Valenciennes&action=edit&redlink=1	museum
http://www.wikidata.org/entity/Q1976985	Museu Nelson-Atkins	ca	Q1976985	v2	7/10/2020	https://ca.wikipedia.org/w/index.php?title=Museu_Nelson-Atkins	https://ca.wikipedia.org/w/index.php?title=Museu_Nelson-Atkins&action=edit&redlink=1	museum
http://www.wikidata.org/entity/Q3330205	museu de Belles Arts de La Rochelle	ca	Q3330205	v2	7/10/2020	https://ca.wikipedia.org/w/index.php?title=museu_de_Belles_Arts_de_La_Rochelle	https://ca.wikipedia.org/w/index.php?title=museu_de_Belles_Arts_de_La_Rochelle&action=edit&redlink=1	museum
http://www.wikidata.org/entity/Q2034636	Observatori Astronòmic de Capodimonte	ca	Q2034636	v2	7/10/2020	https://ca.wikipedia.org/w/index.php?title=Observatori_Astronòmic_de_Capodimonte	https://ca.wikipedia.org/w/index.php?title=Observatori_Astronòmic_de_Capodimonte&action=edit&redlink=1	museum
http://www.wikidata.org/entity/Q627423	Biblioteca Nacional i Universitària d'Islàndia	ca	Q627423	v2	7/10/2020	https://ca.wikipedia.org/w/index.php?title=Biblioteca_Nacional_i_Universitària_d'Islàndia	https://ca.wikipedia.org/w/index.php?title=Biblioteca_Nacional_i_Universitària_d'Islàndia&action=edit&redlink=1	museum
http://www.wikidata.org/entity/Q683389	Biblioteca de la Universitat de Belgrad	ca	Q683389	v2	7/10/2020	https://ca.wikipedia.org/w/index.php?title=Biblioteca_de_la_Universitat_de_Belgrad	https://ca.wikipedia.org/w/index.php?title=Biblioteca_de_la_Universitat_de_Belgrad&action=edit&redlink=1	museum
http://www.wikidata.org/entity/Q677561	Museu Hammer	ca	Q677561	v2	7/10/2020	https://ca.wikipedia.org/w/index.php?title=Museu_Hammer	https://ca.wikipedia.org/w/index.php?title=Museu_Hammer&action=edit&redlink=1	museum
http://www.wikidata.org/entity/Q1068063	Museu de Belles Arts del Canadà	ca	Q1068063	v2	7/10/2020	https://ca.wikipedia.org/w/index.php?title=Museu_de_Belles_Arts_del_Canadà	https://ca.wikipedia.org/w/index.php?title=Museu_de_Belles_Arts_del_Canadà&action=edit&redlink=1	museum
http://www.wikidata.org/entity/Q872896	Biblioteca de la Universitat de Leipzig	ca	Q872896	v2	7/10/2020	https://ca.wikipedia.org/w/index.php?title=Biblioteca_de_la_Universitat_de_Leipzig	https://ca.wikipedia.org/w/index.php?title=Biblioteca_de_la_Universitat_de_Leipzig&action=edit&redlink=1	library
http://www.wikidata.org/entity/Q5408662	Biblioteca del Congrés Nacional d'Argentina	ca	Q5408662	v2	7/10/2020	https://ca.wikipedia.org/w/index.php?title=Biblioteca_del_Congrés_Nacional_d'Argentina	https://ca.wikipedia.org/w/index.php?title=Biblioteca_del_Congrés_Nacional_d'Argentina&action=edit&redlink=1	library
http://www.wikidata.org/entity/Q1967876	Biblioteca Nacional de la República Txeca	ca	Q1967876	v2	7/10/2020	https://ca.wikipedia.org/w/index.php?title=Biblioteca_Nacional_de_la_República_Txeca	https://ca.wikipedia.org/w/index.php?title=Biblioteca_Nacional_de_la_República_Txeca&action=edit&redlink=1	library
http://www.wikidata.org/entity/Q2947745	Museu d'Orsanmichele	ca	Q2947745	v2	7/10/2020	https://ca.wikipedia.org/w/index.php?title=Museu_d'Orsanmichele	https://ca.wikipedia.org/w/index.php?title=Museu_d'Orsanmichele&action=edit&redlink=1	museum
http://www.wikidata.org/entity/Q3075489	Fundació Louis Vuitton	ca	Q3075489	v2	7/10/2020	https://ca.wikipedia.org/w/index.php?title=Fundació_Louis_Vuitton	https://ca.wikipedia.org/w/index.php?title=Fundació_Louis_Vuitton&action=edit&redlink=1	museum
http://www.wikidata.org/entity/Q1183941	Museu d'Art de Delaware	ca	Q1183941	v2	7/10/2020	https://ca.wikipedia.org/w/index.php?title=Museu_d'Art_de_Delaware	https://ca.wikipedia.org/w/index.php?title=Museu_d'Art_de_Delaware&action=edit&redlink=1	museum
http://www.wikidata.org/entity/Q5728032	Biblioteca del Congrés Nacional de Xile	ca	Q5728032	v2	7/10/2020	https://ca.wikipedia.org/w/index.php?title=Biblioteca_del_Congrés_Nacional_de_Xile	https://ca.wikipedia.org/w/index.php?title=Biblioteca_del_Congrés_Nacional_de_Xile&action=edit&redlink=1	library
http://www.wikidata.org/entity/Q1132918	Museu Nacional d'Art, Arquitectura i Disseny	ca	Q1132918	v2	7/10/2020	https://ca.wikipedia.org/w/index.php?title=Museu_Nacional_d'Art,_Arquitectura_i_Disseny	https://ca.wikipedia.org/w/index.php?title=Museu_Nacional_d'Art,_Arquitectura_i_Disseny&action=edit&redlink=1	museum
http://www.wikidata.org/entity/Q1167467	Galeria Nacional d'Atenes	ca	Q1167467	v2	7/10/2020	https://ca.wikipedia.org/w/index.php?title=Galeria_Nacional_d'Atenes	https://ca.wikipedia.org/w/index.php?title=Galeria_Nacional_d'Atenes&action=edit&redlink=1	museum
http://www.wikidata.org/entity/Q1117704	Museu d'Art d'Indianàpolis	ca	Q1117704	v2	7/10/2020	https://ca.wikipedia.org/w/index.php?title=Museu_d'Art_d'Indianàpolis	https://ca.wikipedia.org/w/index.php?title=Museu_d'Art_d'Indianàpolis&action=edit&redlink=1	museum
http://www.wikidata.org/entity/Q2997830	Museu d'Art Philbrook	ca	Q2997830	v2	7/10/2020	https://ca.wikipedia.org/w/index.php?title=Museu_d'Art_Philbrook	https://ca.wikipedia.org/w/index.php?title=Museu_d'Art_Philbrook&action=edit&redlink=1	museum
http://www.wikidata.org/entity/Q700959	Museu Wallraf-Richartz	ca	Q700959	v2	7/10/2020	https://ca.wikipedia.org/w/index.php?title=Museu_Wallraf-Richartz	https://ca.wikipedia.org/w/index.php?title=Museu_Wallraf-Richartz&action=edit&redlink=1	museum
http://www.wikidata.org/entity/Q2977589	Museu d'Art Ohara	ca	Q2977589	v2	7/10/2020	https://ca.wikipedia.org/w/index.php?title=Museu_d'Art_Ohara	https://ca.wikipedia.org/w/index.php?title=Museu_d'Art_Ohara&action=edit&redlink=1	museum
http://www.wikidata.org/entity/Q3094617	Galeriat Morava de Brno	ca	Q3094617	v2	7/10/2020	https://ca.wikipedia.org/w/index.php?title=Galeriat_Morava_de_Brno	https://ca.wikipedia.org/w/index.php?title=Galeriat_Morava_de_Brno&action=edit&redlink=1	museum
http://www.wikidata.org/entity/Q3663151	Fundació Yannick i Ben Jakober	ca	Q3663151	v2	7/10/2020	https://ca.wikipedia.org/w/index.php?title=Fundació_Yannick_i_Ben_Jakober	https://ca.wikipedia.org/w/index.php?title=Fundació_Yannick_i_Ben_Jakober&action=edit&redlink=1	museum
http://www.wikidata.org/entity/Q44724678	Hall of Fame del futbol italià	ca	Q44724678	v2	7/10/2020	https://ca.wikipedia.org/w/index.php?title=Hall_of_Fame_del_futbol_italià	https://ca.wikipedia.org/w/index.php?title=Hall_of_Fame_del_futbol_italià&action=edit&redlink=1	museum
http://www.wikidata.org/entity/Q745866	Museu d'Art de Dallas	ca	Q745866	v2	7/10/2020	https://ca.wikipedia.org/w/index.php?title=Museu_d'Art_de_Dallas	https://ca.wikipedia.org/w/index.php?title=Museu_d'Art_de_Dallas&action=edit&redlink=1	museum
http://www.wikidata.org/entity/Q751172	Museu Andy Warhol	ca	Q751172	v2	7/10/2020	https://ca.wikipedia.org/w/index.php?title=Museu_Andy_Warhol	https://ca.wikipedia.org/w/index.php?title=Museu_Andy_Warhol&action=edit&redlink=1	museum
http://www.wikidata.org/entity/Q845468	Museu d'Art Modern i Contemporani	ca	Q845468	v2	7/10/2020	https://ca.wikipedia.org/w/index.php?title=Museu_d'Art_Modern_i_Contemporani	https://ca.wikipedia.org/w/index.php?title=Museu_d'Art_Modern_i_Contemporani&action=edit&redlink=1	museum
http://www.wikidata.org/entity/Q2496316	Biblioteca de la Universitat de Kassel	ca	Q2496316	v2	7/10/2020	https://ca.wikipedia.org/w/index.php?title=Biblioteca_de_la_Universitat_de_Kassel	https://ca.wikipedia.org/w/index.php?title=Biblioteca_de_la_Universitat_de_Kassel&action=edit&redlink=1	library
http://www.wikidata.org/entity/Q812285	Col·leccions de pintura de l'estat de Baviera	ca	Q812285	v2	7/10/2020	https://ca.wikipedia.org/w/index.php?title=Col·leccions_de_pintura_de_l'estat_de_Baviera	https://ca.wikipedia.org/w/index.php?title=Col·leccions_de_pintura_de_l'estat_de_Baviera&action=edit&redlink=1	museum
http://www.wikidata.org/entity/Q6352575	Centre d'Art Britànic de Yale	ca	Q6352575	v2	7/10/2020	https://ca.wikipedia.org/w/index.php?title=Centre_d'Art_Britànic_de_Yale	https://ca.wikipedia.org/w/index.php?title=Centre_d'Art_Britànic_de_Yale&action=edit&redlink=1	museum
http://www.wikidata.org/entity/Q2057876	Acadèmia Argentina de Lletres	ca	Q2057876	v2	7/10/2020	https://ca.wikipedia.org/w/index.php?title=Acadèmia_Argentina_de_Lletres	https://ca.wikipedia.org/w/index.php?title=Acadèmia_Argentina_de_Lletres&action=edit&redlink=1	library
http://www.wikidata.org/entity/Q2310268	Biblioteca de Recerca del Rijksmuseum	ca	Q2310268	v2	7/10/2020	https://ca.wikipedia.org/w/index.php?title=Biblioteca_de_Recerca_del_Rijksmuseum	https://ca.wikipedia.org/w/index.php?title=Biblioteca_de_Recerca_del_Rijksmuseum&action=edit&redlink=1	library
http://www.wikidata.org/entity/Q2007919	Biblioteca i Museu Presidencial de John F. Kennedy	ca	Q2007919	v2	7/10/2020	https://ca.wikipedia.org/w/index.php?title=Biblioteca_i_Museu_Presidencial_de_John_F._Kennedy	https://ca.wikipedia.org/w/index.php?title=Biblioteca_i_Museu_Presidencial_de_John_F._Kennedy&action=edit&redlink=1	library
http://www.wikidata.org/entity/Q5114675	museu Chrysler	ca	Q5114675	v2	7/10/2020	https://ca.wikipedia.org/w/index.php?title=museu_Chrysler	https://ca.wikipedia.org/w/index.php?title=museu_Chrysler&action=edit&redlink=1	museum
http://www.wikidata.org/entity/Q81180	Premi Grammy del Saló de la Fama	ca	Q81180	v2	7/10/2020	https://ca.wikipedia.org/w/index.php?title=Premi_Grammy_del_Saló_de_la_Fama	https://ca.wikipedia.org/w/index.php?title=Premi_Grammy_del_Saló_de_la_Fama&action=edit&redlink=1	museum
http://www.wikidata.org/entity/Q6940507	Museu Nacional de San Carlos	ca	Q6940507	v2	7/10/2020	https://ca.wikipedia.org/w/index.php?title=Museu_Nacional_de_San_Carlos	https://ca.wikipedia.org/w/index.php?title=Museu_Nacional_de_San_Carlos&action=edit&redlink=1	museum
http://www.wikidata.org/entity/Q782783	Memorial de Guerra Australià	ca	Q782783	v2	7/10/2020	https://ca.wikipedia.org/w/index.php?title=Memorial_de_Guerra_Australià	https://ca.wikipedia.org/w/index.php?title=Memorial_de_Guerra_Australià&action=edit&redlink=1	museum
http://www.wikidata.org/entity/Q5935366	Museu d'Art de Columbus	ca	Q5935366	v2	7/10/2020	https://ca.wikipedia.org/w/index.php?title=Museu_d'Art_de_Columbus	https://ca.wikipedia.org/w/index.php?title=Museu_d'Art_de_Columbus&action=edit&redlink=1	museum
http://www.wikidata.org/entity/Q6088683	Museu de Zoologia d'Istanbul	ca	Q6088683	v2	7/10/2020	https://ca.wikipedia.org/w/index.php?title=Museu_de_Zoologia_d'Istanbul	https://ca.wikipedia.org/w/index.php?title=Museu_de_Zoologia_d'Istanbul&action=edit&redlink=1	museum
http://www.wikidata.org/entity/Q5161648	Saló de la Fama de les Dones de Connecticut	ca	Q5161648	v2	7/10/2020	https://ca.wikipedia.org/w/index.php?title=Saló_de_la_Fama_de_les_Dones_de_Connecticut	https://ca.wikipedia.org/w/index.php?title=Saló_de_la_Fama_de_les_Dones_de_Connecticut&action=edit&redlink=1	museum
http://www.wikidata.org/entity/Q897468	Fortalesa de Monostor	ca	Q897468	v2	7/10/2020	https://ca.wikipedia.org/w/index.php?title=Fortalesa_de_Monostor	https://ca.wikipedia.org/w/index.php?title=Fortalesa_de_Monostor&action=edit&redlink=1	museum
http://www.wikidata.org/entity/Q233098	Museu d'història natural de Berlín	ca	Q233098	v2	7/10/2020	https://ca.wikipedia.org/w/index.php?title=Museu_d'història_natural_de_Berlín	https://ca.wikipedia.org/w/index.php?title=Museu_d'història_natural_de_Berlín&action=edit&redlink=1	museum
http://www.wikidata.org/entity/Q11795583	Saló de la Fama de les Dones d'Ohio	ca	Q11795583	v2	7/10/2020	https://ca.wikipedia.org/w/index.php?title=Saló_de_la_Fama_de_les_Dones_d'Ohio	https://ca.wikipedia.org/w/index.php?title=Saló_de_la_Fama_de_les_Dones_d'Ohio&action=edit&redlink=1	museum
http://www.wikidata.org/entity/Q12110695	Galeria Courtauld	ca	Q12110695	v2	7/10/2020	https://ca.wikipedia.org/w/index.php?title=Galeria_Courtauld	https://ca.wikipedia.org/w/index.php?title=Galeria_Courtauld&action=edit&redlink=1	museum
http://www.wikidata.org/entity/Q5148987	Saló de la Fama de les Dones de Colorado	ca	Q5148987	v2	7/10/2020	https://ca.wikipedia.org/w/index.php?title=Saló_de_la_Fama_de_les_Dones_de_Colorado	https://ca.wikipedia.org/w/index.php?title=Saló_de_la_Fama_de_les_Dones_de_Colorado&action=edit&redlink=1	museum
http://www.wikidata.org/entity/Q10886452	Museu d'Art He Xiangning	ca	Q10886452	v2	7/10/2020	https://ca.wikipedia.org/w/index.php?title=Museu_d'Art_He_Xiangning	https://ca.wikipedia.org/w/index.php?title=Museu_d'Art_He_Xiangning&action=edit&redlink=1	museum
http://www.wikidata.org/entity/Q758657	Museu Memorial de Guerra d'Auckland	ca	Q758657	v2	7/10/2020	https://ca.wikipedia.org/w/index.php?title=Museu_Memorial_de_Guerra_d'Auckland	https://ca.wikipedia.org/w/index.php?title=Museu_Memorial_de_Guerra_d'Auckland&action=edit&redlink=1	museum
http://www.wikidata.org/entity/Q59832274	California Library Hall of Fame	ca	Q59832274	v2	7/10/2020	https://ca.wikipedia.org/w/index.php?title=California_Library_Hall_of_Fame	https://ca.wikipedia.org/w/index.php?title=California_Library_Hall_of_Fame&action=edit&redlink=1	library
http://www.wikidata.org/entity/Q1093313	Ciutadella del Quebec	ca	Q1093313	v2	7/10/2020	https://ca.wikipedia.org/w/index.php?title=Ciutadella_del_Quebec	https://ca.wikipedia.org/w/index.php?title=Ciutadella_del_Quebec&action=edit&redlink=1	museum
http://www.wikidata.org/entity/Q525981	Biblioteca i museu presidencial Harry S. Truman	ca	Q525981	v2	7/10/2020	https://ca.wikipedia.org/w/index.php?title=Biblioteca_i_museu_presidencial_Harry_S._Truman	https://ca.wikipedia.org/w/index.php?title=Biblioteca_i_museu_presidencial_Harry_S._Truman&action=edit&redlink=1	library
