item	article	labelAr
http://www.wikidata.org/entity/Q689896	https://ar.wikipedia.org/wiki/%D9%85%D9%83%D8%AA%D8%A8%D8%A9_%D8%AF%D9%8A%D8%B1_%D8%B3%D8%A7%D9%86%D8%AA_%D8%BA%D8%A7%D9%84	مكتبة دير سانت غال
http://www.wikidata.org/entity/Q728116	https://ar.wikipedia.org/wiki/%D9%85%D9%83%D8%AA%D8%A8%D8%A9_%D9%81%D9%88%D9%84%D8%AC%D8%B1_%D8%A7%D9%84%D8%B4%D9%83%D8%B3%D8%A8%D9%8A%D8%B1%D9%8A%D8%A9	مكتبة فولجر الشكسبيرية
http://www.wikidata.org/entity/Q856544	https://ar.wikipedia.org/wiki/%D9%85%D9%83%D8%AA%D8%A8%D8%A9_%D8%A2%D8%B4%D9%88%D8%B1_%D8%A8%D8%A7%D9%86%D9%8A%D8%A8%D8%A7%D9%84	مكتبة آشور بانيبال
http://www.wikidata.org/entity/Q1201876	https://ar.wikipedia.org/wiki/%D8%A7%D9%84%D9%85%D9%83%D8%AA%D8%A8%D8%A9_%D8%A7%D9%84%D9%85%D9%81%D8%AA%D9%88%D8%AD%D8%A9	المكتبة المفتوحة
http://www.wikidata.org/entity/Q815611	https://ar.wikipedia.org/wiki/%D9%85%D9%83%D8%AA%D8%A8%D8%A9_%D8%A7%D9%84%D8%A3%D9%85%D8%A8%D8%B1%D9%88%D8%B2%D9%8A%D8%A7%D9%86%D8%A7	مكتبة الأمبروزيانا
http://www.wikidata.org/entity/Q774570	https://ar.wikipedia.org/wiki/%D9%85%D9%83%D8%AA%D8%A8%D8%A9_%D9%85%D8%A7%D8%B2%D8%A7%D8%B1%D9%8A%D9%86	مكتبة مازارين
http://www.wikidata.org/entity/Q33018	https://ar.wikipedia.org/wiki/%D8%A8%D9%8A%D8%AA_%D8%A7%D9%84%D8%AD%D9%83%D9%85%D8%A9	بيت الحكمة
http://www.wikidata.org/entity/Q50711	https://ar.wikipedia.org/wiki/%D9%85%D9%83%D8%AA%D8%A8%D8%A9_%D8%A7%D9%84%D8%AF%D9%88%D9%82%D8%A9_%D8%A2%D9%86%D8%A7_%D8%A3%D9%85%D8%A7%D9%84%D9%8A%D8%A7	مكتبة الدوقة آنا أماليا
http://www.wikidata.org/entity/Q2704902	https://ar.wikipedia.org/wiki/%D9%85%D9%83%D8%AA%D8%A8%D8%A9_%D8%A7%D9%84%D9%82%D8%B3%D8%B7%D9%86%D8%B7%D9%8A%D9%86%D9%8A%D8%A9	مكتبة القسطنطينية
http://www.wikidata.org/entity/Q1957240	https://ar.wikipedia.org/wiki/%D9%85%D9%83%D8%AA%D8%A8%D8%A9_%D9%85%D9%88%D8%B1%D8%A7%D9%81%D9%8A%D8%A7	مكتبة مورافيا
http://www.wikidata.org/entity/Q1507065	https://ar.wikipedia.org/wiki/%D8%A7%D9%84%D9%85%D9%83%D8%AA%D8%A8%D8%A9_%D8%A7%D9%84%D8%B1%D8%A6%D8%A7%D8%B3%D9%8A%D8%A9_%D9%88%D9%85%D8%AA%D8%AD%D9%81_%D8%AC%D9%88%D8%B1%D8%AC_%D8%A8%D9%88%D8%B4_%D8%A7%D9%84%D8%A3%D8%A8	المكتبة الرئاسية ومتحف جورج بوش الأب
http://www.wikidata.org/entity/Q4086354	https://ar.wikipedia.org/wiki/%D9%85%D9%83%D8%AA%D8%A8%D8%A9_%D8%A7%D9%84%D8%B3%D9%84%D9%8A%D9%85%D8%A7%D9%86%D9%8A%D8%A9	مكتبة السليمانية
http://www.wikidata.org/entity/Q3747209	https://ar.wikipedia.org/wiki/%D9%85%D8%A4%D8%B3%D8%B3%D8%A9_%D9%83%D9%88%D9%8A%D8%B1%D9%8A%D9%86%D9%8A_%D8%B3%D8%AA%D8%A7%D9%85%D8%A8%D8%A7%D9%84%D9%8A%D8%A7	مؤسسة كويريني ستامباليا
http://www.wikidata.org/entity/Q3195954	https://ar.wikipedia.org/wiki/%D8%A7%D9%84%D9%85%D8%AF%D8%B1%D8%B3%D8%A9_%D8%A7%D9%84%D8%AE%D9%84%D8%AF%D9%88%D9%86%D9%8A%D8%A9	المدرسة الخلدونية
http://www.wikidata.org/entity/Q638395	https://ar.wikipedia.org/wiki/%D9%85%D9%83%D8%AA%D8%A8%D8%A9_%D8%AC%D8%A7%D9%85%D8%B9%D8%A9_%D9%84%D8%A7%D9%8A%D8%AF%D9%86	مكتبة جامعة لايدن
http://www.wikidata.org/entity/Q621972	https://ar.wikipedia.org/wiki/%D9%85%D9%83%D8%AA%D8%A8%D8%A9_%D9%82%D8%A7%D8%A6%D8%AF_%D8%A7%D9%84%D8%B9%D8%B8%D9%85	مكتبة قائد العظم
http://www.wikidata.org/entity/Q630922	https://ar.wikipedia.org/wiki/%D8%A8%D9%8A%D8%AA_%D8%A7%D9%84%D9%82%D8%B1%D8%A2%D9%86	بيت القرآن
http://www.wikidata.org/entity/Q4120540	https://ar.wikipedia.org/wiki/%D9%85%D9%83%D8%AA%D8%A8%D8%A9_%D8%AF%D9%8A%D9%81%D9%8A%D8%AF_%D8%B3%D8%A7%D8%B3%D9%88%D9%86	مكتبة ديفيد ساسون
http://www.wikidata.org/entity/Q4119248	https://ar.wikipedia.org/wiki/%D9%85%D9%83%D8%AA%D8%A8%D8%A9_%D8%A2%D8%B3%D8%AA%D8%A7%D9%86_%D9%82%D8%AF%D8%B3_%D8%B1%D8%B6%D9%88%D9%8A_%D8%A7%D9%84%D9%85%D8%B1%D9%83%D8%B2%D9%8A%D8%A9	مكتبة آستان قدس رضوي المركزية
http://www.wikidata.org/entity/Q4118811	https://ar.wikipedia.org/wiki/%D9%85%D9%83%D8%AA%D8%A8%D8%A9_%D9%83%D9%88%D8%A8%D8%B1%D9%8A%D9%84%D9%84%D9%8A	مكتبة كوبرولو
http://www.wikidata.org/entity/Q13081931	https://ar.wikipedia.org/wiki/%D9%85%D9%83%D8%AA%D8%A8%D8%A9_%D8%A7%D9%84%D8%BA%D8%A7%D8%B2%D9%8A_%D8%AE%D8%B3%D8%B1%D9%88_%D8%A8%D9%83	مكتبة الغازي خسرو بك
http://www.wikidata.org/entity/Q8030968	https://ar.wikipedia.org/wiki/%D9%85%D9%83%D8%AA%D8%A8%D8%A9_%D8%A3%D8%B9%D9%85%D8%A7%D9%84_%D8%A7%D9%84%D9%85%D8%B1%D8%A3%D8%A9_%D9%88%D9%85%D8%A4%D8%B3%D8%B3%D8%A9_%D8%A7%D9%84%D9%85%D8%B1%D9%83%D8%B2_%D8%A7%D9%84%D8%B9%D9%84%D9%85%D9%8A	مكتبة أعمال المرأة ومؤسسة المركز العلمي
http://www.wikidata.org/entity/Q4166342	https://ar.wikipedia.org/wiki/%D8%A7%D9%84%D9%85%D9%83%D8%AA%D8%A8%D8%A9_%D8%A7%D9%84%D8%B9%D8%A7%D9%85%D8%A9_%D8%A8%D8%B1%D9%88%D8%B3%D8%AA%D9%88%D9%81-%D9%86%D8%A7-%D8%AF%D9%88%D9%86%D9%88	المكتبة العامة بروستوف-نا-دونو
http://www.wikidata.org/entity/Q517249	https://ar.wikipedia.org/wiki/%D9%85%D9%83%D8%AA%D8%A8%D8%A9_%D8%B3%D8%A7%D9%86%D8%AA_%D8%AC%D8%A7%D9%86%D9%81%D9%8A%D9%81	مكتبة سانت جانفيف
http://www.wikidata.org/entity/Q317950	https://ar.wikipedia.org/wiki/%D9%85%D9%83%D8%AA%D8%A8%D8%A9_%D9%81%D9%88%D8%B1%D8%AA%D9%85%D8%A8%D8%B1%D8%BA	مكتبة فورتمبرغ
http://www.wikidata.org/entity/Q501851	https://ar.wikipedia.org/wiki/%D9%85%D9%83%D8%AA%D8%A8%D8%A9_%D8%A7%D9%84%D8%A5%D8%B3%D9%83%D9%86%D8%AF%D8%B1%D9%8A%D8%A9_%D8%A7%D9%84%D8%AC%D8%AF%D9%8A%D8%AF%D8%A9	مكتبة الإسكندرية الجديدة
http://www.wikidata.org/entity/Q391976	https://ar.wikipedia.org/wiki/%D9%85%D9%83%D8%AA%D8%A8%D8%A9_%D8%AA%D8%B4%D8%B3%D8%AA%D8%B1_%D8%A8%D9%8A%D8%AA%D9%8A	مكتبة تشستر بيتي
http://www.wikidata.org/entity/Q393060	https://ar.wikipedia.org/wiki/%D9%85%D9%83%D8%AA%D8%A8%D8%A9_%D8%AA%D8%B1%D8%A8%D9%8A%D8%AA	مكتبة تربيت
http://www.wikidata.org/entity/Q339759	https://ar.wikipedia.org/wiki/%D8%A8%D8%A8%D9%84%D9%8A%D9%88%D8%AA%D9%8A%D9%83%D8%A7_%D9%87%D9%8A%D8%B1%D8%AA%D8%B3%D9%8A%D8%A7%D9%86%D8%A7	ببليوتيكا هيرتسيانا
http://www.wikidata.org/entity/Q1602700	https://ar.wikipedia.org/wiki/%D9%82%D9%85%D8%B1%D8%A9_%D8%B1%D8%A7%D8%AF%D9%83%D9%84%D9%8A%D9%81	قمرة رادكليف
http://www.wikidata.org/entity/Q1582723	https://ar.wikipedia.org/wiki/%D9%85%D9%83%D8%AA%D8%A8%D8%A9_%D8%A7%D9%84%D9%85%D8%AD%D9%82%D9%82_%D8%A7%D9%84%D8%B7%D8%A8%D8%A7%D8%B7%D8%A8%D8%A7%D8%A6%D9%8A	مكتبة المحقق الطباطبائي
http://www.wikidata.org/entity/Q1455447	https://ar.wikipedia.org/wiki/%D9%85%D9%83%D8%AA%D8%A8%D8%A9_%D9%87%D8%A7%D8%AF%D8%B1%D9%8A%D8%A7%D9%86	مكتبة هادريان
http://www.wikidata.org/entity/Q2399120	https://ar.wikipedia.org/wiki/%D8%A7%D9%84%D9%85%D9%83%D8%AA%D8%A8%D8%A9_%D8%A7%D9%84%D9%88%D8%B7%D9%86%D9%8A%D8%A9_%D8%A7%D9%84%D8%A3%D9%84%D9%85%D8%A7%D9%86%D9%8A%D8%A9_%D9%84%D9%84%D8%B9%D9%84%D9%88%D9%85_%D9%88%D8%A7%D9%84%D8%AA%D9%83%D9%86%D9%88%D9%84%D9%88%D8%AC%D9%8A%D8%A7	المكتبة الوطنية الألمانية للعلوم والتكنولوجيا
http://www.wikidata.org/entity/Q2531939	https://ar.wikipedia.org/wiki/%D9%85%D9%83%D8%AA%D8%A8%D8%A9_%D8%B3%D9%8A%D8%A7%D8%AA%D9%84_%D8%A7%D9%84%D9%85%D8%B1%D9%83%D8%B2%D9%8A%D8%A9	مكتبة سياتل المركزية
http://www.wikidata.org/entity/Q1400558	https://ar.wikipedia.org/wiki/%D9%85%D9%83%D8%AA%D8%A8%D8%A9_%D9%87%D9%86%D8%AA%D9%86%D8%BA%D8%AA%D9%88%D9%86	مكتبة هنتنغتون
http://www.wikidata.org/entity/Q896935	https://ar.wikipedia.org/wiki/%D9%85%D8%AA%D8%AD%D9%81_%D8%B1%D9%88%D9%85%D8%B1-%D8%A8%D9%8A%D9%84%D9%8A%D8%B2%D9%8A%D9%88%D8%B3	متحف رومر-بيليزيوس
http://www.wikidata.org/entity/Q856559	https://ar.wikipedia.org/wiki/%D9%85%D9%83%D8%AA%D8%A8%D8%A9_%D9%83%D9%84%D9%8A%D8%A9_%D8%A7%D9%84%D8%AB%D8%A7%D9%84%D9%88%D8%AB	مكتبة كلية الثالوث
http://www.wikidata.org/entity/Q1232190	https://ar.wikipedia.org/wiki/%D8%A7%D9%84%D9%85%D8%AC%D9%85%D8%B9_%D8%A7%D9%84%D8%B9%D9%84%D9%85%D9%8A_%D8%A7%D9%84%D9%85%D8%B5%D8%B1%D9%8A	المجمع العلمي المصري
http://www.wikidata.org/entity/Q574027	https://ar.wikipedia.org/wiki/%D9%85%D9%83%D8%AA%D8%A8%D8%A9_%D9%86%D9%88%D8%A8%D9%84	مكتبة نوبل
http://www.wikidata.org/entity/Q1394898	https://ar.wikipedia.org/wiki/%D9%85%D9%83%D8%AA%D8%A8%D8%A9_%D9%85%D8%A7%D9%83%D8%B3_%D8%A8%D9%84%D8%A7%D9%86%D9%83_%D8%A7%D9%84%D8%B1%D9%82%D9%85%D9%8A%D8%A9	مكتبة ماكس بلانك الرقمية
http://www.wikidata.org/entity/Q962291	https://ar.wikipedia.org/wiki/%D9%85%D9%83%D8%AA%D8%A8%D8%A9_%D8%BA%D9%8A%D8%B2%D9%84	مكتبة غيزل
http://www.wikidata.org/entity/Q22690109	https://ar.wikipedia.org/wiki/%D9%85%D9%83%D8%AA%D8%A8%D8%A9_%D8%A7%D9%84%D8%AC%D8%A7%D9%85%D8%B9%D8%A9_%D8%A7%D9%84%D8%A5%D8%B3%D9%84%D8%A7%D9%85%D9%8A%D8%A9_%D9%81%D9%8A_%D9%84%D8%A8%D9%86%D8%A7%D9%86	مكتبة الجامعة الإسلامية في لبنان
http://www.wikidata.org/entity/Q22690118	https://ar.wikipedia.org/wiki/%D9%85%D9%83%D8%AA%D8%A8%D8%A9_%D8%AD%D8%B3%D9%8A%D9%86%D9%8A%D8%A9_%D8%A7%D9%84%D9%86%D8%A8%D8%B7%D9%8A%D8%A9_%D8%A7%D9%84%D8%B9%D8%A7%D9%85%D8%A9	مكتبة حسينية النبطية العامة
http://www.wikidata.org/entity/Q22690115	https://ar.wikipedia.org/wiki/%D9%85%D9%83%D8%AA%D8%A8%D8%A9_%D8%AC%D8%A7%D9%85%D8%B9%D8%A9_%D8%A7%D9%84%D9%83%D8%B3%D9%84%D9%8A%D9%83	مكتبة جامعة الكسليك
http://www.wikidata.org/entity/Q22690113	https://ar.wikipedia.org/wiki/%D9%85%D9%83%D8%AA%D8%A8%D8%A9_%D8%A7%D9%84%D9%83%D9%81%D8%B1%D8%A9	مكتبة الكفرة
http://www.wikidata.org/entity/Q22690117	https://ar.wikipedia.org/wiki/%D9%85%D9%83%D8%AA%D8%A8%D8%A9_%D8%AC%D8%A7%D9%85%D8%B9%D8%A9_%D8%A8%D9%8A%D8%B1%D9%88%D8%AA_%D8%A7%D9%84%D8%B9%D8%B1%D8%A8%D9%8A%D8%A9	مكتبة جامعة بيروت العربية
http://www.wikidata.org/entity/Q22690119	https://ar.wikipedia.org/wiki/%D9%85%D9%83%D8%AA%D8%A8%D8%A9_%D9%85%D8%AC%D9%85%D8%B9_%D9%86%D8%A8%D9%8A%D9%87_%D8%A8%D8%B1%D9%8A_%D8%A7%D9%84%D8%AB%D9%82%D8%A7%D9%81%D9%8A_%D8%A7%D9%84%D8%B9%D8%A7%D9%85%D8%A9	مكتبة مجمع نبيه بري الثقافي العامة
http://www.wikidata.org/entity/Q22690110	https://ar.wikipedia.org/wiki/%D9%85%D9%83%D8%AA%D8%A8%D8%A9_%D8%A7%D9%84%D8%AC%D8%A7%D9%85%D8%B9%D8%A9_%D8%A7%D9%84%D9%84%D8%A8%D9%86%D8%A7%D9%86%D9%8A%D8%A9	مكتبة الجامعة اللبنانية
http://www.wikidata.org/entity/Q22684743	https://ar.wikipedia.org/wiki/%D8%A7%D9%84%D8%A3%D9%82%D8%B5%D9%89_%D8%A7%D9%84%D9%82%D8%AF%D9%8A%D9%85_(%D8%AD%D8%AC%D8%B1_%D8%B3%D9%84%D9%8A%D9%85%D8%A7%D9%86)	الأقصى القديم
http://www.wikidata.org/entity/Q22690111	https://ar.wikipedia.org/wiki/%D9%85%D9%83%D8%AA%D8%A8%D8%A9_%D8%A7%D9%84%D8%AC%D8%A7%D9%85%D8%B9%D8%A9_%D8%A7%D9%84%D9%84%D8%A8%D9%86%D8%A7%D9%86%D9%8A%D8%A9_%D8%A7%D9%84%D8%A3%D9%85%D8%B1%D9%8A%D9%83%D9%8A%D8%A9	مكتبة الجامعة اللبنانية الأمريكية
http://www.wikidata.org/entity/Q22690114	https://ar.wikipedia.org/wiki/%D9%85%D9%83%D8%AA%D8%A8%D8%A9_%D8%A8%D8%BA%D8%AF%D8%A7%D8%AF	مكتبة بغداد
http://www.wikidata.org/entity/Q22690112	https://ar.wikipedia.org/wiki/%D9%85%D9%83%D8%AA%D8%A8%D8%A9_%D8%A7%D9%84%D8%B3%D9%8A%D8%AF_%D9%85%D8%AD%D9%85%D8%AF_%D8%AD%D8%B3%D9%8A%D9%86_%D9%81%D8%B6%D9%84_%D8%A7%D9%84%D9%84%D9%87_%D8%A7%D9%84%D8%B9%D8%A7%D9%85%D8%A9	مكتبة السيد محمد حسين فضل الله العامة
http://www.wikidata.org/entity/Q22929523	https://ar.wikipedia.org/wiki/%D9%85%D9%83%D8%AA%D8%A8%D8%A9_%D9%85%D8%AD%D9%85%D8%AF_%D9%85%D8%B8%D9%87%D8%B1_%D8%A7%D9%84%D9%81%D8%A7%D8%B1%D9%88%D9%82%D9%8A	مكتبة محمد مظهر الفاروقي
http://www.wikidata.org/entity/Q22929533	https://ar.wikipedia.org/wiki/%D9%85%D9%83%D8%AA%D8%A8%D8%A9_%D9%85%D8%B5%D8%B1_%D8%A7%D9%84%D8%B9%D8%A7%D9%85%D8%A9_%D8%A7%D9%84%D8%B2%D8%A7%D9%88%D9%8A%D8%A9_%D8%A7%D9%84%D8%AD%D9%85%D8%B1%D8%A7%D8%A1	مكتبة مصر العامة الزاوية الحمراء
http://www.wikidata.org/entity/Q22935810	https://ar.wikipedia.org/wiki/%D9%85%D9%83%D8%AA%D8%A8%D8%A7%D8%AA_%D8%A7%D9%84%D8%AC%D8%A7%D9%85%D8%B9%D8%A9_%D9%88%D8%AA%D9%82%D9%86%D9%8A%D8%A7%D8%AA_%D8%A7%D9%84%D8%AA%D8%B9%D9%84%D9%85_(_%D8%A7%D9%84%D8%AC%D8%A7%D9%85%D8%B9%D8%A9_%D8%A7%D9%84%D8%A3%D9%85%D8%B1%D9%8A%D9%83%D9%8A%D8%A9_%D8%A8%D8%A7%D9%84%D9%82%D8%A7%D9%87%D8%B1%D8%A9)	مكتبات الجامعة وتقنيات التعلم ( الجامعة الأمريكية بالقاهرة)
http://www.wikidata.org/entity/Q5442858	https://ar.wikipedia.org/wiki/%D9%85%D9%83%D8%AA%D8%A8%D8%A9_%D8%A7%D9%84%D9%86%D8%B3%D9%88%D9%8A%D8%A9	مكتبة النسوية
http://www.wikidata.org/entity/Q5171572	https://ar.wikipedia.org/wiki/%D9%85%D9%83%D8%AA%D8%A8%D8%A9_%D8%AC%D8%A7%D9%85%D8%B9%D8%A9_%D9%83%D9%88%D8%B1%D9%86%D9%8A%D9%84	مكتبة جامعة كورنيل
http://www.wikidata.org/entity/Q20424775	https://ar.wikipedia.org/wiki/%D9%85%D9%83%D8%AA%D8%A8%D8%A9_%D8%A3%D8%AD%D9%85%D8%AF_%D8%A7%D9%84%D9%86%D8%A7%D8%A6%D8%A8	مكتبة أحمد النائب
http://www.wikidata.org/entity/Q20424786	https://ar.wikipedia.org/wiki/%D9%85%D9%83%D8%AA%D8%A8%D8%A9_%D8%A7%D9%84%D9%85%D9%84%D9%83_%D8%B3%D9%84%D9%85%D8%A7%D9%86_%D8%A7%D9%84%D9%85%D8%B1%D9%83%D8%B2%D9%8A%D8%A9	مكتبة الملك سلمان المركزية
http://www.wikidata.org/entity/Q12193674	https://ar.wikipedia.org/wiki/%D8%A7%D9%84%D9%85%D9%83%D8%AA%D8%A8%D8%A9_%D8%A7%D9%84%D9%85%D8%B1%D9%83%D8%B2%D9%8A%D8%A9_%D8%A7%D9%84%D8%B9%D8%A7%D9%85%D8%A9	المكتبة المركزية العامة
http://www.wikidata.org/entity/Q12244790	https://ar.wikipedia.org/wiki/%D9%85%D9%83%D8%AA%D8%A8%D8%A9_%D8%A7%D9%84%D9%85%D9%84%D9%83_%D8%B9%D8%A8%D8%AF_%D8%A7%D9%84%D8%B9%D8%B2%D9%8A%D8%B2_%D8%A8%D8%A7%D9%84%D9%85%D8%AF%D9%8A%D9%86%D8%A9_%D8%A7%D9%84%D9%85%D9%86%D9%88%D8%B1%D8%A9	مكتبة الملك عبد العزيز بالمدينة المنورة
http://www.wikidata.org/entity/Q12244788	https://ar.wikipedia.org/wiki/%D9%85%D9%83%D8%AA%D8%A8%D8%A9_%D8%A7%D9%84%D9%85%D8%B3%D8%AC%D8%AF_%D8%A7%D9%84%D9%86%D8%A8%D9%88%D9%8A	مكتبة المسجد النبوي
http://www.wikidata.org/entity/Q12244804	https://ar.wikipedia.org/wiki/%D9%85%D9%83%D8%AA%D8%A8%D8%A9_%D8%A8%D9%84%D8%AF%D9%8A%D8%A9_%D8%B1%D8%A7%D9%85_%D8%A7%D9%84%D9%84%D9%87_%D8%A7%D9%84%D8%B9%D8%A7%D9%85%D8%A9	مكتبة رام الله العامة
http://www.wikidata.org/entity/Q12244768	https://ar.wikipedia.org/wiki/%D9%85%D9%83%D8%AA%D8%A8%D8%A9_%D8%A7%D9%84%D8%A3%D8%B2%D9%87%D8%B1	مكتبة الأزهر
http://www.wikidata.org/entity/Q12244775	https://ar.wikipedia.org/wiki/%D9%85%D9%83%D8%AA%D8%A8%D8%A9_%D8%A7%D9%84%D8%AC%D8%A7%D9%85%D8%B9%D8%A9_%D8%A7%D9%84%D9%85%D8%B3%D8%AA%D9%86%D8%B5%D8%B1%D9%8A%D8%A9	مكتبة الجامعة المستنصرية
http://www.wikidata.org/entity/Q12244783	https://ar.wikipedia.org/wiki/%D9%85%D9%83%D8%AA%D8%A8%D8%A9_%D8%A7%D9%84%D8%B7%D9%81%D9%84_(%D8%AF%D8%B3%D9%88%D9%82)	مكتبة الطفل
http://www.wikidata.org/entity/Q12244786	https://ar.wikipedia.org/wiki/%D9%85%D9%83%D8%AA%D8%A8%D8%A9_%D8%A7%D9%84%D9%85%D8%AF%D9%8A%D9%86%D8%A9_%D8%A7%D9%84%D9%85%D9%86%D9%88%D8%B1%D8%A9_%D8%A7%D9%84%D8%B9%D8%A7%D9%85%D8%A9	مكتبة المدينة المنورة العامة
http://www.wikidata.org/entity/Q12244797	https://ar.wikipedia.org/wiki/%D9%85%D9%83%D8%AA%D8%A8%D8%A9_%D8%A8%D9%84%D8%AF%D9%8A%D8%A9_%D8%A7%D9%84%D8%A8%D9%8A%D8%B1%D8%A9_%D8%A7%D9%84%D8%B9%D8%A7%D9%85%D8%A9	مكتبة بلدية البيرة العامة
http://www.wikidata.org/entity/Q12244800	https://ar.wikipedia.org/wiki/%D9%85%D9%83%D8%AA%D8%A8%D8%A9_%D8%A8%D9%84%D8%AF%D9%8A%D8%A9_%D9%82%D9%84%D9%82%D9%8A%D9%84%D9%8A%D8%A9_%D8%A7%D9%84%D8%B9%D8%A7%D9%85%D8%A9	مكتبة بلدية قلقيلية العامة
http://www.wikidata.org/entity/Q12244779	https://ar.wikipedia.org/wiki/%D9%85%D9%83%D8%AA%D8%A8%D8%A9_%D8%A7%D9%84%D8%AD%D8%B3%D9%8A%D9%86%D9%8A%D8%A9_(%D8%AC%D8%A7%D9%85%D8%B9%D8%A9_%D8%A7%D9%84%D9%8A%D8%B1%D9%85%D9%88%D9%83)	مكتبة الحسينية
http://www.wikidata.org/entity/Q12244781	https://ar.wikipedia.org/wiki/%D9%85%D9%83%D8%AA%D8%A8%D8%A9_%D8%A7%D9%84%D8%B1%D9%88%D8%B6%D8%A9_%D8%A7%D9%84%D8%AD%D9%8A%D8%AF%D8%B1%D9%8A%D8%A9	مكتبة الروضة الحيدرية
http://www.wikidata.org/entity/Q12244808	https://ar.wikipedia.org/wiki/%D9%85%D9%83%D8%AA%D8%A8%D8%A9_%D8%B9%D8%A7%D8%B7%D9%81_%D8%A3%D9%81%D9%86%D8%AF%D9%8A	مكتبة عاطف أفندي
http://www.wikidata.org/entity/Q12244774	https://ar.wikipedia.org/wiki/%D9%85%D9%83%D8%AA%D8%A8%D8%A9_%D8%A7%D9%84%D8%A8%D8%A7%D8%A8%D8%B7%D9%8A%D9%86_%D8%A7%D9%84%D9%85%D8%B1%D9%83%D8%B2%D9%8A%D8%A9_%D9%84%D9%84%D8%B4%D8%B9%D8%B1_%D8%A7%D9%84%D8%B9%D8%B1%D8%A8%D9%8A	مكتبة البابطين المركزية للشعر العربي
http://www.wikidata.org/entity/Q12244805	https://ar.wikipedia.org/wiki/%D9%85%D9%83%D8%AA%D8%A8%D8%A9_%D8%AF%D8%A7%D8%B1_%D8%A7%D9%84%D8%A5%D8%B0%D8%A7%D8%B9%D8%A9_(%D8%B1%D8%A7%D9%85_%D8%A7%D9%84%D9%84%D9%87)	مكتبة دار الإذاعة
http://www.wikidata.org/entity/Q4702241	https://ar.wikipedia.org/wiki/%D9%85%D9%83%D8%AA%D8%A8%D8%A9_%D8%A7%D9%84%D8%A3%D9%88%D9%82%D8%A7%D9%81_(%D8%A8%D8%BA%D8%AF%D8%A7%D8%AF)	مكتبة الأوقاف (بغداد)
http://www.wikidata.org/entity/Q12244773	https://ar.wikipedia.org/wiki/%D9%85%D9%83%D8%AA%D8%A8%D8%A9_%D8%A7%D9%84%D8%A8%D8%B1%D8%AF%D9%88%D9%86%D9%8A	مكتبة البردوني
http://www.wikidata.org/entity/Q12244769	https://ar.wikipedia.org/wiki/%D9%85%D9%83%D8%AA%D8%A8%D8%A9_%D8%A7%D9%84%D8%A3%D9%88%D9%82%D8%A7%D9%81_(%D8%A7%D9%84%D8%B3%D9%84%D9%8A%D9%85%D8%A7%D9%86%D9%8A%D8%A9)	مكتبة الأوقاف (السليمانية)
http://www.wikidata.org/entity/Q12244777	https://ar.wikipedia.org/wiki/%D9%85%D9%83%D8%AA%D8%A8%D8%A9_%D8%A7%D9%84%D8%AD%D8%B1%D9%85_%D8%A7%D9%84%D9%85%D9%83%D9%8A_%D8%A7%D9%84%D8%B4%D8%B1%D9%8A%D9%81	مكتبة الحرم المكي الشريف
http://www.wikidata.org/entity/Q12244813	https://ar.wikipedia.org/wiki/%D9%85%D9%83%D8%AA%D8%A8%D8%A9_%D9%85%D8%B5%D8%B1_%D8%A7%D9%84%D8%B9%D8%A7%D9%85%D8%A9_%D8%A8%D8%A7%D9%84%D9%85%D9%86%D8%B5%D9%88%D8%B1%D8%A9	مكتبة مصر العامة بالمنصورة
http://www.wikidata.org/entity/Q12244770	https://ar.wikipedia.org/wiki/%D9%85%D9%83%D8%AA%D8%A8%D8%A9_%D8%A7%D9%84%D8%A3%D9%88%D9%82%D8%A7%D9%81_(%D8%A7%D9%84%D9%85%D9%88%D8%B5%D9%84)	مكتبة الأوقاف (الموصل)
http://www.wikidata.org/entity/Q12244782	https://ar.wikipedia.org/wiki/%D9%85%D9%83%D8%AA%D8%A8%D8%A9_%D8%A7%D9%84%D8%B4%D9%8A%D8%AE_%D9%85%D8%AD%D9%85%D8%AF_%D9%86%D8%B5%D9%8A%D9%81	مكتبة الشيخ محمد نصيف
http://www.wikidata.org/entity/Q12244799	https://ar.wikipedia.org/wiki/%D9%85%D9%83%D8%AA%D8%A8%D8%A9_%D8%A8%D9%84%D8%AF%D9%8A%D8%A9_%D8%AC%D9%86%D9%8A%D9%86_%D8%A7%D9%84%D8%B9%D8%A7%D9%85%D8%A9	مكتبة بلدية جنين
http://www.wikidata.org/entity/Q12193669	https://ar.wikipedia.org/wiki/%D8%A7%D9%84%D9%85%D9%83%D8%AA%D8%A8%D8%A9_%D8%A7%D9%84%D8%AE%D8%A7%D9%84%D8%AF%D9%8A%D8%A9	المكتبة الخالدية
http://www.wikidata.org/entity/Q12244791	https://ar.wikipedia.org/wiki/%D9%85%D9%83%D8%AA%D8%A8%D8%A9_%D8%A7%D9%84%D9%85%D9%84%D9%83_%D8%B9%D8%A8%D8%AF_%D8%A7%D9%84%D8%B9%D8%B2%D9%8A%D8%B2_%D8%A7%D9%84%D8%B9%D8%A7%D9%85%D8%A9	مكتبة الملك عبد العزيز العامة
http://www.wikidata.org/entity/Q12244789	https://ar.wikipedia.org/wiki/%D9%85%D9%83%D8%AA%D8%A8%D8%A9_%D8%A7%D9%84%D9%85%D8%B9%D8%B1%D9%81%D8%A9_%D8%A7%D9%84%D8%B9%D8%A7%D9%85%D8%A9	مكتبة المعرفة العامة
http://www.wikidata.org/entity/Q12244806	https://ar.wikipedia.org/wiki/%D9%85%D9%83%D8%AA%D8%A8%D8%A9_%D8%B9%D8%A7%D8%B1%D9%81_%D8%AD%D9%83%D9%85%D8%AA	مكتبة عارف حكمت
http://www.wikidata.org/entity/Q12244811	https://ar.wikipedia.org/wiki/%D9%85%D9%83%D8%AA%D8%A8%D8%A9_%D9%85%D8%B5%D8%B1_%D8%A7%D9%84%D8%B9%D8%A7%D9%85%D8%A9_%D8%A8%D8%A7%D9%84%D9%88%D8%A7%D8%AF%D9%8A_%D8%A7%D9%84%D8%AC%D8%AF%D9%8A%D8%AF	مكتبة مبارك العامة بالوادي الجديد
http://www.wikidata.org/entity/Q10966405	https://ar.wikipedia.org/wiki/%D9%85%D9%83%D8%AA%D8%A8%D8%A9_%D8%A7%D9%84%D8%A3%D9%86%D8%AC%D9%84%D9%88_%D8%A7%D9%84%D9%85%D8%B5%D8%B1%D9%8A%D8%A9	مكتبة الأنجلو المصرية
http://www.wikidata.org/entity/Q5042665	https://ar.wikipedia.org/wiki/%D9%85%D9%83%D8%AA%D8%A8%D8%A9_%D8%A8%D9%8A%D8%A8%D8%B3	مكتبة بيبس
http://www.wikidata.org/entity/Q16128460	https://ar.wikipedia.org/wiki/%D9%85%D9%83%D8%AA%D8%A8%D8%A9_%D8%A7%D9%84%D8%A5%D9%85%D8%A7%D9%85_%D8%A7%D8%A8%D9%86_%D8%A7%D9%84%D9%82%D9%8A%D9%85_%D8%A7%D9%84%D8%B9%D8%A7%D9%85%D8%A9	مكتبة الإمام ابن القيم العامة
http://www.wikidata.org/entity/Q4793194	https://ar.wikipedia.org/wiki/%D9%85%D9%83%D8%AA%D8%A8%D8%A9_%D9%88%D9%85%D8%AA%D8%AD%D9%81_%D8%A7%D9%84%D8%A3%D8%B1%D9%85%D9%86_%D8%A7%D9%84%D8%A3%D9%85%D8%B1%D9%8A%D9%83%D9%8A	مكتبة ومتحف الأرمن الأمريكي
http://www.wikidata.org/entity/Q11146913	https://ar.wikipedia.org/wiki/%D9%85%D9%83%D8%AA%D8%A8%D8%A9_%D9%84%D9%8A%D9%86%D8%B1%D8%AA_%D9%88%D9%84%D8%A7%D9%86%D8%AF%D8%B1%D9%88%D9%83	مكتبة لينرت ولاندروك
http://www.wikidata.org/entity/Q4892367	https://ar.wikipedia.org/wiki/%D9%85%D9%83%D8%AA%D8%A8%D8%A9_%D8%A8%D9%8A%D8%B1%D9%84%D9%86_%D8%A8%D9%8A%D9%83_%D8%A7%D9%84%D8%AA%D8%B0%D9%83%D8%A7%D8%B1%D9%8A%D8%A9	مكتبة بيرلن بيك التذكارية
http://www.wikidata.org/entity/Q11036866	https://ar.wikipedia.org/wiki/%D9%85%D9%83%D8%AA%D8%A8%D8%A9_%D8%AF%D9%8A%D8%B1_%D8%B3%D8%A7%D9%86%D8%AA_%D9%83%D8%A7%D8%AA%D8%B1%D9%8A%D9%86	مكتبة دير سانت كاترين
http://www.wikidata.org/entity/Q5000155	https://ar.wikipedia.org/wiki/%D9%85%D9%83%D8%AA%D8%A8%D8%A9_%D8%A8%D8%B1%D9%86%D8%B3%D8%A7%D9%8A%D8%AF	مكتبة برنسايد
http://www.wikidata.org/entity/Q16128464	https://ar.wikipedia.org/wiki/%D9%85%D9%83%D8%AA%D8%A8%D8%A9_%D8%A7%D9%84%D8%AC%D8%A7%D9%85%D8%B9%D8%A9_%D8%A7%D9%84%D8%A3%D9%85%D8%B1%D9%8A%D9%83%D9%8A%D8%A9_%D9%81%D9%8A_%D8%A8%D9%8A%D8%B1%D9%88%D8%AA	مكتبة الجامعة الأمريكية في بيروت
http://www.wikidata.org/entity/Q47088811	https://ar.wikipedia.org/wiki/%D9%85%D9%83%D8%AA%D8%A8%D8%A9_%D8%AA%D9%8A%D8%A7%D9%86%D8%AC%D9%8A%D9%86	مكتبة تيانجين
http://www.wikidata.org/entity/Q17108747	https://ar.wikipedia.org/wiki/%D9%85%D9%83%D8%AA%D8%A8%D8%A9_%D9%85%D9%85%D8%A7_%D8%AD%D9%8A%D8%AF%D8%B1%D8%A9	مكتبة مما حيدرة
http://www.wikidata.org/entity/Q17511676	https://ar.wikipedia.org/wiki/%D8%A7%D9%84%D9%85%D9%83%D8%AA%D8%A8%D8%A9_%D8%A7%D9%84%D8%A3%D9%85%D8%B1%D9%8A%D9%83%D9%8A%D8%A9_%D9%81%D9%8A_%D8%A8%D8%A7%D8%B1%D9%8A%D8%B3	المكتبة الأمريكية في باريس
http://www.wikidata.org/entity/Q621799	https://ar.wikipedia.org/wiki/%D9%85%D9%83%D8%AA%D8%A8%D8%A9_%D8%AC%D8%A7%D9%85%D8%B9%D8%A9_%D9%82%D8%B7%D8%B1	مكتبة جامعة قطر
http://www.wikidata.org/entity/Q188915	https://ar.wikipedia.org/wiki/%D9%85%D9%83%D8%AA%D8%A8%D8%A9_%D8%A5%D8%B3%D8%B1%D8%A7%D8%A6%D9%8A%D9%84_%D8%A7%D9%84%D9%88%D8%B7%D9%86%D9%8A%D8%A9	مكتبة إسرائيل الوطنية
http://www.wikidata.org/entity/Q420747	https://ar.wikipedia.org/wiki/%D8%A7%D9%84%D9%85%D9%83%D8%AA%D8%A8%D8%A9_%D8%A7%D9%84%D9%88%D8%B7%D9%86%D9%8A%D8%A9_%D8%A7%D9%84%D9%81%D9%86%D9%84%D9%86%D8%AF%D9%8A%D8%A9	المكتبة الوطنية الفنلندية
http://www.wikidata.org/entity/Q15223702	https://ar.wikipedia.org/wiki/%D9%85%D9%83%D8%AA%D8%A8%D8%A9_%D9%87%D9%8A%D8%B1%D9%8A%D9%81%D9%88%D8%B1%D8%AF_%D9%83%D8%A7%D8%AB%D8%AF%D8%B1%D8%A7%D9%84	مكتبة هيريفورد كاثدرال
http://www.wikidata.org/entity/Q7157238	https://ar.wikipedia.org/wiki/%D9%85%D9%83%D8%AA%D8%A8%D8%A9_%D9%85%D8%AA%D8%AD%D9%81_%D8%A8%D9%8A%D8%A8%D9%88%D8%AF%D9%8A_%D8%A7%D9%84%D8%AA%D8%A7%D8%B1%D9%8A%D8%AE%D9%8A%D8%A9	مكتبة متحف بيبودي التاريخية
http://www.wikidata.org/entity/Q611833	https://ar.wikipedia.org/wiki/%D8%A7%D9%84%D9%85%D9%83%D8%AA%D8%A8%D8%A9_%D8%A7%D9%84%D9%88%D8%B7%D9%86%D9%8A%D8%A9_%D9%84%D9%84%D8%B7%D8%A8	المكتبة الوطنية لعلم الطب
http://www.wikidata.org/entity/Q118398	https://ar.wikipedia.org/wiki/%D8%A3%D8%B1%D8%AE%D8%A7%D9%8A%D9%81	أرخايف
http://www.wikidata.org/entity/Q773989	https://ar.wikipedia.org/wiki/%D9%85%D9%83%D8%AA%D8%A8%D8%A9_%D8%AC%D8%A7%D9%85%D8%B9%D8%A9_%D9%85%D8%A7%D9%86%D8%B4%D8%B3%D8%AA%D8%B1	مكتبة جامعة مانشستر
http://www.wikidata.org/entity/Q875031	https://ar.wikipedia.org/wiki/%D9%85%D9%83%D8%AA%D8%A8%D8%A9_%D9%81%D9%82%D9%87_%D8%A7%D9%84%D9%84%D8%BA%D8%A9	مكتبة فقه اللغة
http://www.wikidata.org/entity/Q814779	https://ar.wikipedia.org/wiki/%D9%85%D9%83%D8%AA%D8%A8%D8%A9_%D8%A8%D9%8A%D9%86%D9%8A%D9%83_%D9%84%D9%84%D9%83%D8%AA%D8%A8_%D8%A7%D9%84%D9%86%D8%A7%D8%AF%D8%B1%D8%A9_%D9%88%D8%A7%D9%84%D9%85%D8%AE%D8%B7%D9%88%D8%B7%D8%A7%D8%AA	مكتبة بينيك للكتب النادرة والمخطوطات
http://www.wikidata.org/entity/Q1236267	https://ar.wikipedia.org/wiki/%D9%85%D9%83%D8%AA%D8%A8%D8%A9_%D8%AC%D9%88%D9%86_%D8%B1%D8%A7%D9%8A%D9%84%D9%86%D8%AF%D8%B2	مكتبة جون رايلندز
http://www.wikidata.org/entity/Q1386210	https://ar.wikipedia.org/wiki/%D8%A5%D9%81-%D8%AF%D8%B1%D9%88%D9%8A%D8%AF	إف-درويد
http://www.wikidata.org/entity/Q6866942	https://ar.wikipedia.org/wiki/%D9%85%D9%83%D8%AA%D8%A8%D8%A9_%D9%85%D8%AF%D8%A8%D9%88%D9%84%D9%8A	مكتبة مدبولي
http://www.wikidata.org/entity/Q6585222	https://ar.wikipedia.org/wiki/%D9%85%D9%83%D8%AA%D8%A8%D8%A9_%D9%85%D9%84%D9%84%D9%8A%D8%AA	مكتبة ملليت
http://www.wikidata.org/entity/Q20424780	https://ar.wikipedia.org/wiki/%D9%85%D9%83%D8%AA%D8%A8%D8%A9_%D8%A7%D9%84%D8%AC%D8%A7%D9%85%D8%B9%D8%A9_%D8%A7%D9%84%D8%A3%D8%B1%D8%AF%D9%86%D9%8A%D8%A9	مكتبة الجامعة الأردنية
http://www.wikidata.org/entity/Q6866821	https://ar.wikipedia.org/wiki/%D9%85%D9%83%D8%AA%D8%A8%D8%A9_%D8%A7%D9%84%D8%B4%D8%A7%D8%B1%D9%82%D8%A9	مكتبة الشارقة
http://www.wikidata.org/entity/Q6866954	https://ar.wikipedia.org/wiki/%D9%85%D9%83%D8%AA%D8%A8%D8%A9_%D9%85%D8%B5%D8%B1_%D8%A7%D9%84%D8%B9%D8%A7%D9%85%D8%A9	مكتبة مصر العامة
http://www.wikidata.org/entity/Q6866890	https://ar.wikipedia.org/wiki/%D9%85%D9%83%D8%AA%D8%A8%D8%A9_%D8%AC%D8%A7%D9%85%D8%B9%D8%A9_%D8%A8%D8%BA%D8%AF%D8%A7%D8%AF	مكتبة جامعة بغداد
http://www.wikidata.org/entity/Q6039907	https://ar.wikipedia.org/wiki/%D9%85%D9%83%D8%AA%D8%A8%D8%A9_%D8%A7%D9%84%D9%86%D9%88%D8%B1_%D8%A7%D9%84%D8%B9%D8%AB%D9%85%D8%A7%D9%86%D9%8A%D8%A9	مكتبة النور العثمانية
http://www.wikidata.org/entity/Q6294156	https://ar.wikipedia.org/wiki/%D9%85%D9%83%D8%AA%D8%A8%D8%A9_%D9%81%D8%A7%D8%B3%D9%83%D9%88%D9%86%D8%B3%D9%8A%D9%84%D9%88%D8%B3	مكتبة فاسكونسيلوس
http://www.wikidata.org/entity/Q2371017	https://ar.wikipedia.org/wiki/%D8%A7%D9%84%D9%85%D9%83%D8%AA%D8%A8%D8%A9_%D8%A7%D9%84%D8%A8%D8%B1%D9%8A%D8%B7%D8%A7%D9%86%D9%8A%D8%A9_%D9%84%D9%84%D8%B9%D9%84%D9%88%D9%85_%D8%A7%D9%84%D8%B3%D9%8A%D8%A7%D8%B3%D9%8A%D8%A9_%D9%88%D8%A7%D9%84%D8%A7%D9%82%D8%AA%D8%B5%D8%A7%D8%AF%D9%8A%D8%A9	المكتبة البريطانية للعلوم السياسية والاقتصادية
http://www.wikidata.org/entity/Q1167115	https://ar.wikipedia.org/wiki/%D9%85%D9%83%D8%AA%D8%A8%D8%A9_%D9%85%D9%88%D9%86	مكتبة مون
http://www.wikidata.org/entity/Q5962510	https://ar.wikipedia.org/wiki/%D9%85%D9%83%D8%AA%D8%A8%D8%A9_%D8%A7%D9%84%D9%85%D8%B1%D8%B9%D8%B4%D9%8A_%D8%A7%D9%84%D9%86%D8%AC%D9%81%D9%8A	مكتبة المرعشي النجفي
http://www.wikidata.org/entity/Q18615487	https://ar.wikipedia.org/wiki/%D9%85%D9%83%D8%AA%D8%A8%D8%A9_%D8%AC%D8%A7%D9%85%D8%B9%D8%A9_%D8%B3%D8%B1%D9%82%D8%B3%D8%B7%D8%A9	مكتبة جامعة سرقسطة
http://www.wikidata.org/entity/Q28149782	https://ar.wikipedia.org/wiki/%D8%A7%D9%84%D9%85%D9%83%D8%AA%D8%A8%D8%A9_%D8%A7%D9%84%D8%A3%D8%B3%D9%82%D9%81%D9%8A%D8%A9_%D8%A8%D8%AA%D9%88%D9%86%D8%B3	المكتبة الأسقفية بتونس
http://www.wikidata.org/entity/Q25451405	https://ar.wikipedia.org/wiki/%D9%85%D9%83%D8%AA%D8%A8%D8%A9_%D8%A7%D9%84%D9%85%D9%84%D9%83_%D9%81%D9%87%D8%AF_%D8%A7%D9%84%D8%B9%D8%A7%D9%85%D8%A9_%D8%A8%D8%AC%D8%AF%D8%A9	مكتبة الملك فهد العامة بجدة
http://www.wikidata.org/entity/Q880794	https://ar.wikipedia.org/wiki/%D9%85%D9%83%D8%AA%D8%A8%D8%A9_%D8%AC%D8%A7%D9%85%D8%B9%D8%A9_%D9%87%D8%A7%D9%8A%D8%AF%D9%84%D8%A8%D8%B1%D8%BA	مكتبة جامعة هايدلبرغ
http://www.wikidata.org/entity/Q1028334	https://ar.wikipedia.org/wiki/%D9%85%D9%83%D8%AA%D8%A8%D8%A9_%D8%AC%D8%A7%D9%85%D8%B9%D8%A9_%D9%83%D8%A7%D9%85%D8%A8%D8%B1%D9%8A%D8%AF%D8%AC	مكتبة جامعة كامبريدج
http://www.wikidata.org/entity/Q25451476	https://ar.wikipedia.org/wiki/%D9%85%D9%83%D8%AA%D8%A8%D8%A9_%D9%8A%D9%88%D8%B3%D9%81_%D8%A3%D8%AD%D9%85%D8%AF_%D8%A7%D9%84%D8%BA%D8%A7%D9%86%D9%85	مكتبة يوسف أحمد الغانم
http://www.wikidata.org/entity/Q4118405	https://ar.wikipedia.org/wiki/%D8%A7%D9%84%D9%85%D9%83%D8%AA%D8%A8%D8%A9_%D8%A7%D9%84%D9%85%D8%B1%D9%83%D8%B2%D9%8A%D8%A9_%D8%A7%D9%84%D8%AC%D8%A7%D9%85%D8%B9%D9%8A%D8%A9_%D9%81%D9%8A_%D9%8A%D8%A7%D8%B4	المكتبة المركزية الجامعية في ياش
http://www.wikidata.org/entity/Q6554520	https://ar.wikipedia.org/wiki/%D9%85%D9%83%D8%AA%D8%A8%D8%A9_%D9%85%D8%AA%D8%AD%D9%81_%D9%82%D8%B5%D8%B1_%D8%B7%D9%88%D8%A8_%D9%82%D8%A7%D8%A8%D9%8A	مكتبة متحف قصر طوب قابي
http://www.wikidata.org/entity/Q82133	https://ar.wikipedia.org/wiki/%D9%85%D9%83%D8%AA%D8%A8%D8%A9_%D8%A8%D9%88%D8%AF%D9%84%D9%8A	مكتبة بودلي
http://www.wikidata.org/entity/Q604841	https://ar.wikipedia.org/wiki/%D8%A5%D8%B6%D8%A7%D9%81%D8%A7%D8%AA_%D9%85%D9%88%D8%B2%D9%8A%D9%84%D8%A7	إضافات موزيلا
http://www.wikidata.org/entity/Q6580698	https://ar.wikipedia.org/wiki/%D9%85%D9%83%D8%AA%D8%A8%D8%A9_%D8%B1%D8%A7%D8%BA%D8%A8_%D8%A8%D8%A7%D8%B4%D8%A7	مكتبة راغب باشا
http://www.wikidata.org/entity/Q477675	https://ar.wikipedia.org/wiki/%D9%85%D9%83%D8%AA%D8%A8%D8%A9_%D8%A7%D9%84%D8%A8%D8%B1%D9%84%D9%85%D8%A7%D9%86_%D8%A7%D9%84%D9%88%D8%B7%D9%86%D9%8A	مكتبة البرلمان الوطني
http://www.wikidata.org/entity/Q229883	https://ar.wikipedia.org/wiki/%D8%A8%D8%A8%D9%85%D8%AF_%D8%B3%D9%86%D8%AA%D8%B1%D8%A7%D9%84	ببمد سنترال
http://www.wikidata.org/entity/Q206316	https://ar.wikipedia.org/wiki/%D8%A3%D9%88%D8%B1%D8%A7%D9%82_%D8%A8%D8%AD%D8%AB%D9%8A%D8%A9_%D9%81%D9%8A_%D8%A7%D9%84%D8%A7%D9%82%D8%AA%D8%B5%D8%A7%D8%AF	أوراق بحثية في الاقتصاد
http://www.wikidata.org/entity/Q28936504	https://ar.wikipedia.org/wiki/%D9%85%D9%83%D8%AA%D8%A8%D8%A9_%D9%85%D9%83%D8%A9_%D8%A7%D9%84%D9%85%D9%83%D8%B1%D9%85%D8%A9	مكتبة مكة المكرمة
http://www.wikidata.org/entity/Q1967876	https://ar.wikipedia.org/wiki/%D8%A7%D9%84%D9%85%D9%83%D8%AA%D8%A8%D8%A9_%D8%A7%D9%84%D9%88%D8%B7%D9%86%D9%8A%D8%A9_%D9%84%D8%AC%D9%85%D9%87%D9%88%D8%B1%D9%8A%D8%A9_%D8%A7%D9%84%D8%AA%D8%B4%D9%8A%D9%83	المكتبة الوطنية لجمهورية التشيك
http://www.wikidata.org/entity/Q29514014	https://ar.wikipedia.org/wiki/%D9%85%D9%83%D8%AA%D8%A8%D8%A9_%D8%AC%D8%A7%D9%85%D8%B9_%D8%A7%D9%84%D8%B3%D9%84%D8%B7%D8%A7%D9%86_%D9%82%D8%A7%D8%A8%D9%88%D8%B3_%D8%A7%D9%84%D8%A3%D9%83%D8%A8%D8%B1	مكتبة جامع السلطان قابوس الأكبر
http://www.wikidata.org/entity/Q856640	https://ar.wikipedia.org/wiki/%D9%85%D8%AA%D8%AD%D9%81_%D8%A7%D9%84%D8%AA%D8%A7%D8%B1%D9%8A%D8%AE_%D8%A7%D9%84%D9%85%D8%B9%D8%A7%D8%B5%D8%B1	متحف التاريخ المعاصر
http://www.wikidata.org/entity/Q23308	https://ar.wikipedia.org/wiki/%D8%A7%D9%84%D9%85%D9%83%D8%AA%D8%A8%D8%A9_%D8%A7%D9%84%D8%A8%D8%B1%D9%8A%D8%B7%D8%A7%D9%86%D9%8A%D8%A9	المكتبة البريطانية
http://www.wikidata.org/entity/Q21422344	https://ar.wikipedia.org/wiki/%D8%A3%D9%8A_%D8%A8%D9%8A_%D8%A5%D9%81_%D8%A5%D8%B3	أي بي إف إس
http://www.wikidata.org/entity/Q17512757	https://ar.wikipedia.org/wiki/%D9%85%D9%83%D8%AA%D8%A8%D8%A9_%D9%81%D9%86_%D8%A7%D9%84%D8%B7%D9%87%D9%8A	مكتبة فن الطهي
http://www.wikidata.org/entity/Q17055418	https://ar.wikipedia.org/wiki/%D8%A7%D9%84%D9%85%D9%83%D8%AA%D8%A8%D8%A9_%D8%A7%D9%84%D8%A8%D8%B1%D9%84%D9%85%D8%A7%D9%86%D9%8A%D8%A9_%D8%A7%D9%84%D9%86%D9%8A%D9%88%D8%B2%D9%8A%D9%84%D9%86%D8%AF%D9%8A%D8%A9	المكتبة البرلمانية النيوزيلندية
http://www.wikidata.org/entity/Q54965407	https://ar.wikipedia.org/wiki/%D9%85%D9%83%D8%AA%D8%A8%D8%A9_%D9%85%D8%AD%D9%85%D8%AF_%D8%A3%D8%B1%D9%83%D9%88%D9%86	مكتبة محمد أركون
http://www.wikidata.org/entity/Q76949205	https://ar.wikipedia.org/wiki/%D9%85%D9%83%D8%AA%D8%A8%D8%A9_%D8%A7%D9%84%D8%B9%D8%AA%D8%A8%D8%A9_%D8%A7%D9%84%D8%B9%D8%A8%D8%A7%D8%B3%D9%8A%D8%A9_%D8%A7%D9%84%D9%85%D9%82%D8%AF%D8%B3%D8%A9	مكتبة العتبة العباسية المقدسة
http://www.wikidata.org/entity/Q54641785	https://ar.wikipedia.org/wiki/%D9%85%D9%83%D8%AA%D8%A8%D8%A9_%D8%A7%D9%84%D9%85%D9%84%D9%83_%D8%B3%D8%B9%D9%88%D8%AF	مكتبة الملك سعود
http://www.wikidata.org/entity/Q54874925	https://ar.wikipedia.org/wiki/%D9%85%D9%83%D8%AA%D8%A8%D8%A9_%D8%A7%D8%A8%D9%86_%D8%B2%D9%8A%D8%AF%D9%88%D9%86_%D8%A7%D9%84%D8%B9%D8%A7%D9%85%D8%A9_(%D8%A3%D9%85_%D8%A7%D9%84%D9%81%D8%AD%D9%85)	المكتبة العامة ابن زيدون ام الفحم
http://www.wikidata.org/entity/Q30080819	https://ar.wikipedia.org/wiki/%D9%85%D9%83%D8%AA%D8%A8%D8%A9_%D8%A3%D9%85%D9%8A%D8%B1_%D8%A7%D9%84%D9%85%D8%A4%D9%85%D9%86%D9%8A%D9%86	مكتبة أمير المؤمنين
http://www.wikidata.org/entity/Q5876409	https://ar.wikipedia.org/wiki/%D8%AD%D9%85%D8%A7%D9%85_%D8%A7%D9%84%D8%B4%D8%A7%D9%87_%D8%B1%D9%83%D9%86_%D8%A7%D9%84%D8%AF%D9%8A%D9%86	حمام الشاه ركن الدين
http://www.wikidata.org/entity/Q27302	https://ar.wikipedia.org/wiki/%D9%85%D9%83%D8%AA%D8%A8%D8%A9_%D8%A3%D9%84%D9%85%D8%A7%D9%86%D9%8A%D8%A7_%D8%A7%D9%84%D9%88%D8%B7%D9%86%D9%8A%D8%A9	مكتبة ألمانيا الوطنية
http://www.wikidata.org/entity/Q131454	https://ar.wikipedia.org/wiki/%D9%85%D9%83%D8%AA%D8%A8%D8%A9_%D8%A7%D9%84%D9%83%D9%88%D9%86%D8%BA%D8%B1%D8%B3	مكتبة الكونغرس
http://www.wikidata.org/entity/Q39628	https://ar.wikipedia.org/wiki/%D9%85%D9%83%D8%AA%D8%A8%D8%A9_%D9%88%D8%A3%D8%B1%D8%B4%D9%8A%D9%81_%D9%83%D9%8A%D8%A8%D9%8A%D9%83	مكتبة وأرشيف كيبيك
http://www.wikidata.org/entity/Q168756	https://ar.wikipedia.org/wiki/%D8%AC%D8%A7%D9%85%D8%B9%D8%A9_%D9%83%D8%A7%D9%84%D9%8A%D9%81%D9%88%D8%B1%D9%86%D9%8A%D8%A7_(%D8%A8%D8%B1%D9%83%D9%84%D9%8A)	جامعة كاليفورنيا، بركلي
http://www.wikidata.org/entity/Q170109	https://ar.wikipedia.org/wiki/%D9%85%D9%83%D8%AA%D8%A8%D8%A9_%D8%A8%D8%B1%D9%84%D9%8A%D9%86_%D8%A7%D9%84%D8%AD%D9%83%D9%88%D9%85%D9%8A%D8%A9	مكتبة برلين الحكومية
http://www.wikidata.org/entity/Q171290	https://ar.wikipedia.org/wiki/%D9%85%D9%83%D8%AA%D8%A8%D8%A9_%D8%AA%D8%A8%D8%B1%D9%8A%D8%B2_%D8%A7%D9%84%D9%88%D8%B7%D9%86%D9%8A%D8%A9	مكتبة تبريز الوطنية
http://www.wikidata.org/entity/Q460907	https://ar.wikipedia.org/wiki/%D8%A7%D9%84%D9%85%D9%83%D8%AA%D8%A8%D8%A9_%D8%A7%D9%84%D9%88%D8%B7%D9%86%D9%8A%D8%A9_%D8%A7%D9%84%D9%85%D8%B1%D9%83%D8%B2%D9%8A%D8%A9_%D9%81%D9%8A_%D9%81%D9%84%D9%88%D8%B1%D9%86%D8%B3%D8%A7	المكتبة الوطنية المركزية في فلورنسا
http://www.wikidata.org/entity/Q304037	https://ar.wikipedia.org/wiki/%D8%A7%D9%84%D9%85%D9%83%D8%AA%D8%A8%D8%A9_%D8%A7%D9%84%D9%88%D8%B7%D9%86%D9%8A%D8%A9_%D8%A7%D9%84%D9%86%D9%85%D8%B3%D8%A7%D9%88%D9%8A%D8%A9	المكتبة الوطنية النمساوية
http://www.wikidata.org/entity/Q256507	https://ar.wikipedia.org/wiki/%D8%A7%D9%84%D9%85%D9%83%D8%AA%D8%A8%D8%A9_%D8%A7%D9%84%D8%A8%D8%A7%D9%81%D8%A7%D8%B1%D9%8A%D8%A9_%D8%A7%D9%84%D8%AD%D9%83%D9%88%D9%85%D9%8A%D8%A9	المكتبة البافارية الحكومية
http://www.wikidata.org/entity/Q618450	https://ar.wikipedia.org/wiki/%D8%A7%D9%84%D9%85%D9%83%D8%AA%D8%A8%D8%A9_%D8%A7%D9%84%D9%88%D8%B7%D9%86%D9%8A%D8%A9_%D8%A7%D9%84%D9%8A%D9%85%D9%86%D9%8A%D8%A9	المكتبة الوطنية اليمنية
http://www.wikidata.org/entity/Q618252	https://ar.wikipedia.org/wiki/%D9%85%D9%83%D8%AA%D8%A8%D8%A9_%D8%A3%D9%88%D8%BA%D9%86%D8%AF%D8%A7_%D8%A7%D9%84%D9%88%D8%B7%D9%86%D9%8A%D8%A9	مكتبة أوغندا الوطنية
http://www.wikidata.org/entity/Q618359	https://ar.wikipedia.org/wiki/%D9%85%D9%83%D8%AA%D8%A8%D8%A9_%D8%A7%D9%84%D8%B3%D9%88%D8%AF%D8%A7%D9%86	مكتبة السودان
http://www.wikidata.org/entity/Q606065	https://ar.wikipedia.org/wiki/%D8%A7%D9%84%D9%85%D9%83%D8%AA%D8%A8%D8%A9_%D8%A7%D9%84%D9%88%D8%B7%D9%86%D9%8A%D8%A9_%D8%A7%D9%84%D8%AA%D9%88%D9%86%D8%B3%D9%8A%D8%A9	المكتبة الوطنية التونسية
http://www.wikidata.org/entity/Q618281	https://ar.wikipedia.org/wiki/%D8%AF%D8%A7%D8%B1_%D8%A7%D9%84%D9%83%D8%AA%D8%A8_%D8%A7%D9%84%D9%88%D8%B7%D9%86%D9%8A%D8%A9_%D9%84%D8%AF%D9%88%D9%84%D8%A9_%D8%A7%D9%84%D8%A5%D9%85%D8%A7%D8%B1%D8%A7%D8%AA	دار الكتب الوطنية لدولة الإمارات
http://www.wikidata.org/entity/Q618436	https://ar.wikipedia.org/wiki/%D8%A7%D9%84%D9%85%D9%83%D8%AA%D8%A8%D8%A9_%D8%A7%D9%84%D8%B8%D8%A7%D9%87%D8%B1%D9%8A%D8%A9	المكتبة الظاهرية
http://www.wikidata.org/entity/Q680212	https://ar.wikipedia.org/wiki/%D9%85%D9%83%D8%AA%D8%A8_%D8%A7%D9%84%D8%A3%D9%85%D9%85_%D8%A7%D9%84%D9%85%D8%AA%D8%AD%D8%AF%D8%A9_%D9%81%D9%8A_%D8%AC%D9%86%D9%8A%D9%81	مكتب الأمم المتحدة في جنيف
http://www.wikidata.org/entity/Q213678	https://ar.wikipedia.org/wiki/%D9%85%D9%83%D8%AA%D8%A8%D8%A9_%D8%A7%D9%84%D9%81%D8%A7%D8%AA%D9%8A%D9%83%D8%A7%D9%86	مكتبة الفاتيكان
http://www.wikidata.org/entity/Q193563	https://ar.wikipedia.org/wiki/%D8%A7%D9%84%D9%85%D9%83%D8%AA%D8%A8%D8%A9_%D8%A7%D9%84%D9%88%D8%B7%D9%86%D9%8A%D8%A9_%D8%A7%D9%84%D9%81%D8%B1%D9%86%D8%B3%D9%8A%D8%A9	المكتبة الوطنية الفرنسية
http://www.wikidata.org/entity/Q6721014	https://ar.wikipedia.org/wiki/%D9%85%D9%83%D8%AA%D8%A8%D8%A9_%D8%A7%D9%84%D9%85%D8%B9%D8%A7%D8%AF%D9%8A	مكتبة المعادي
http://www.wikidata.org/entity/Q12244798	https://ar.wikipedia.org/wiki/%D9%85%D9%83%D8%AA%D8%A8%D8%A9_%D8%A8%D9%84%D8%AF%D9%8A%D8%A9_%D8%A7%D9%84%D8%A5%D8%B3%D9%83%D9%86%D8%AF%D8%B1%D9%8A%D8%A9	مكتبة بلدية الإسكندرية
http://www.wikidata.org/entity/Q691686	https://ar.wikipedia.org/wiki/%D8%A7%D9%84%D9%85%D8%B9%D9%87%D8%AF_%D8%A7%D9%84%D8%B9%D8%A7%D9%84%D9%8A_%D9%84%D9%84%D8%AF%D8%B1%D8%A7%D8%B3%D8%A7%D8%AA_%D8%A7%D9%84%D8%AF%D9%88%D9%84%D9%8A%D8%A9_%D9%88%D8%A7%D9%84%D8%AA%D9%86%D9%85%D9%8A%D8%A9	المعهد العالي للدراسات الدولية والتنمية
http://www.wikidata.org/entity/Q6364835	https://ar.wikipedia.org/wiki/%D9%85%D9%83%D8%AA%D8%A8%D8%A9_%D9%83%D9%86%D8%B3%D8%A7%D8%B3_%D8%B3%D9%8A%D8%AA%D9%8A	مكتبة كنساس سيتي
http://www.wikidata.org/entity/Q267566	https://ar.wikipedia.org/wiki/%D8%A7%D9%84%D9%85%D9%83%D8%AA%D8%A8%D8%A9_%D8%A7%D9%84%D9%88%D8%B7%D9%86%D9%8A%D8%A9_%D8%A7%D9%84%D8%B1%D9%88%D8%B3%D9%8A%D8%A9	المكتبة الوطنية الروسية
http://www.wikidata.org/entity/Q6542576	https://ar.wikipedia.org/wiki/%D9%85%D9%83%D8%AA%D8%A8%D8%A9_%D8%A8%D8%B1%D9%85%D9%86%D8%BA%D9%87%D8%A7%D9%85	مكتبة برمنغهام
http://www.wikidata.org/entity/Q55623557	https://ar.wikipedia.org/wiki/%D9%85%D9%83%D8%AA%D8%A8%D8%A9_%D8%A7%D9%84%D8%B4%D9%8A%D8%AE_%D9%85%D8%AD%D9%85%D8%AF_%D8%A8%D9%86_%D8%B1%D8%A7%D8%B4%D8%AF	مكتبة الشيخ محمد بن راشد
http://www.wikidata.org/entity/Q56376826	https://ar.wikipedia.org/wiki/%D9%85%D9%83%D8%AA%D8%A8%D8%A9_%D8%A8%D9%84%D8%AF%D9%8A%D8%A9_%D8%B3%D9%84%D9%81%D9%8A%D8%AA_%D8%A7%D9%84%D8%B9%D8%A7%D9%85%D8%A9	مكتبة بلدية سلفيت العامة
http://www.wikidata.org/entity/Q620902	https://ar.wikipedia.org/wiki/%D8%AF%D8%A7%D8%B1_%D8%A7%D9%84%D9%83%D8%AA%D8%A8_%D9%88%D8%A7%D9%84%D9%88%D8%AB%D8%A7%D8%A6%D9%82_%D8%A7%D9%84%D9%88%D8%B7%D9%86%D9%8A%D8%A9	دار الكتب والوثائق الوطنية
http://www.wikidata.org/entity/Q627607	https://ar.wikipedia.org/wiki/%D9%85%D9%83%D8%AA%D8%A8%D8%A9_%D8%AC%D8%B1%D9%8A%D9%86%D9%84%D8%A7%D9%86%D8%AF_%D8%A7%D9%84%D9%88%D8%B7%D9%86%D9%8A%D8%A9	مكتبة جرينلاند الوطنية
http://www.wikidata.org/entity/Q623578	https://ar.wikipedia.org/wiki/%D8%A7%D9%84%D9%85%D9%83%D8%AA%D8%A8%D8%A9_%D8%A7%D9%84%D9%88%D8%B7%D9%86%D9%8A%D8%A9_%D8%A7%D9%84%D8%A3%D8%B3%D8%AA%D8%B1%D8%A7%D9%84%D9%8A%D8%A9	المكتبة الوطنية الأسترالية
http://www.wikidata.org/entity/Q620803	https://ar.wikipedia.org/wiki/%D9%85%D9%83%D8%AA%D8%A8%D8%A9_%D8%A7%D9%84%D9%85%D9%84%D9%83_%D9%81%D9%87%D8%AF_%D8%A7%D9%84%D9%88%D8%B7%D9%86%D9%8A%D8%A9	مكتبة الملك فهد الوطنية
http://www.wikidata.org/entity/Q666063	https://ar.wikipedia.org/wiki/%D9%85%D9%83%D8%AA%D8%A8%D8%A9_%D9%88%D9%8A%D9%84%D8%B2_%D8%A7%D9%84%D9%88%D8%B7%D9%86%D9%8A%D8%A9	مكتبة ويلز الوطنية
http://www.wikidata.org/entity/Q167935	https://ar.wikipedia.org/wiki/%D9%85%D9%83%D8%AA%D8%A8%D8%A9_%D8%B2%D8%A7%D9%88%D9%88%D8%B3%D9%83%D9%8A	مكتبة زاووسكي
http://www.wikidata.org/entity/Q750403	https://ar.wikipedia.org/wiki/%D8%A7%D9%84%D9%85%D9%83%D8%AA%D8%A8%D8%A9_%D8%A7%D9%84%D9%88%D8%B7%D9%86%D9%8A%D8%A9_%D8%A7%D9%84%D8%A5%D8%B3%D8%A8%D8%A7%D9%86%D9%8A%D8%A9	المكتبة الوطنية الإسبانية
http://www.wikidata.org/entity/Q732353	https://ar.wikipedia.org/wiki/%D8%A7%D9%84%D9%85%D9%83%D8%AA%D8%A8%D8%A9_%D8%A7%D9%84%D9%88%D8%B7%D9%86%D9%8A%D8%A9_%D8%A7%D9%84%D8%B5%D9%8A%D9%86%D9%8A%D8%A9	المكتبة الوطنية الصينية
http://www.wikidata.org/entity/Q15116328	https://ar.wikipedia.org/wiki/%D8%A7%D9%84%D9%85%D9%83%D8%AA%D8%A8%D8%A9_%D8%A7%D9%84%D9%88%D8%B7%D9%86%D9%8A%D8%A9_%D8%A7%D9%84%D9%85%D9%88%D8%B1%D9%8A%D8%AA%D8%A7%D9%86%D9%8A%D8%A9	المكتبة الوطنية الموريتانية
http://www.wikidata.org/entity/Q15116325	https://ar.wikipedia.org/wiki/%D8%AF%D8%A7%D8%B1_%D8%A7%D9%84%D9%83%D8%AA%D8%A8_%D8%A7%D9%84%D9%88%D8%B7%D9%86%D9%8A%D8%A9_(%D8%A8%D9%86%D8%BA%D8%A7%D8%B2%D9%8A)	دار الكتب الوطنية
http://www.wikidata.org/entity/Q56376819	https://ar.wikipedia.org/wiki/%D8%A7%D9%84%D9%85%D9%83%D8%AA%D8%A8%D8%A9_%D8%A7%D9%84%D9%88%D8%B7%D9%86%D9%8A%D8%A9_%D8%A7%D9%84%D9%81%D9%84%D8%B3%D8%B7%D9%8A%D9%86%D9%8A%D8%A9	المكتبة الوطنية الفلسطينية
http://www.wikidata.org/entity/Q219555	https://ar.wikipedia.org/wiki/%D9%85%D9%83%D8%AA%D8%A8%D8%A9_%D9%86%D9%8A%D9%88%D9%8A%D9%88%D8%B1%D9%83_%D8%A7%D9%84%D8%B9%D8%A7%D9%85%D8%A9	مكتبة نيويورك العامة
http://www.wikidata.org/entity/Q12193681	https://ar.wikipedia.org/wiki/%D8%A7%D9%84%D9%85%D9%83%D8%AA%D8%A8%D8%A9_%D8%A7%D9%84%D9%88%D8%B7%D9%86%D9%8A%D8%A9_%D9%84%D8%AC%D8%B2%D8%B1_%D8%A7%D9%84%D9%82%D9%85%D8%B1	المكتبة الوطنية لجزر القمر
http://www.wikidata.org/entity/Q6974153	https://ar.wikipedia.org/wiki/%D9%85%D9%83%D8%AA%D8%A8%D8%A9_%D8%A7%D9%84%D9%83%D9%88%D9%8A%D8%AA_%D8%A7%D9%84%D9%88%D8%B7%D9%86%D9%8A%D8%A9	مكتبة الكويت الوطنية
http://www.wikidata.org/entity/Q12016613	https://ar.wikipedia.org/wiki/%D8%A7%D9%84%D9%85%D9%83%D8%AA%D8%A8%D8%A9_%D8%A7%D9%84%D9%88%D8%B7%D9%86%D9%8A%D8%A9_%D8%A7%D9%84%D8%AA%D8%B1%D9%83%D9%85%D8%A7%D9%86%D9%8A%D8%A9	المكتبة الوطنية التركمانية
http://www.wikidata.org/entity/Q7636727	https://ar.wikipedia.org/wiki/%D9%85%D9%83%D8%AA%D8%A8%D8%A9_%D8%AC%D8%A7%D9%85%D8%B9%D8%A9_%D8%A7%D9%84%D8%B3%D9%84%D8%B7%D8%A7%D9%86_%D9%82%D8%A7%D8%A8%D9%88%D8%B3	مكتبة جامعة السلطان قابوس
http://www.wikidata.org/entity/Q6974152	https://ar.wikipedia.org/wiki/%D8%AF%D8%A7%D8%A6%D8%B1%D8%A9_%D8%A7%D9%84%D9%85%D9%83%D8%AA%D8%A8%D8%A9_%D8%A7%D9%84%D9%88%D8%B7%D9%86%D9%8A%D8%A9_%D8%A7%D9%84%D8%A3%D8%B1%D8%AF%D9%86%D9%8A%D8%A9	دائرة المكتبة الوطنية الأردنية
http://www.wikidata.org/entity/Q13645744	https://ar.wikipedia.org/wiki/%D8%AF%D8%A7%D8%B1_%D8%A7%D9%84%D9%83%D8%AA%D8%A8_%D8%A7%D9%84%D9%88%D8%B7%D9%86%D9%8A%D8%A9_(%D8%AD%D9%84%D8%A8)	دار الكتب الوطنية
http://www.wikidata.org/entity/Q3869791	https://ar.wikipedia.org/wiki/%D9%85%D9%83%D8%AA%D8%A8%D8%A9_%D8%A8%D9%84%D8%AF%D9%8A%D8%A9_%D9%86%D8%A7%D8%A8%D9%84%D8%B3	مكتبة بلدية نابلس العامة
http://www.wikidata.org/entity/Q1526131	https://ar.wikipedia.org/wiki/%D8%A7%D9%84%D9%85%D9%83%D8%AA%D8%A8%D8%A9_%D8%A7%D9%84%D9%88%D8%B7%D9%86%D9%8A%D8%A9_%D9%81%D9%8A_%D9%87%D9%88%D9%84%D9%86%D8%AF%D8%A7	المكتبة الوطنية في هولندا
http://www.wikidata.org/entity/Q890364	https://ar.wikipedia.org/wiki/%D9%85%D9%83%D8%AA%D8%A8%D8%A9_%D8%B3%D9%86%D8%BA%D8%A7%D9%81%D9%88%D8%B1%D8%A9_%D8%A7%D9%84%D9%88%D8%B7%D9%86%D9%8A%D8%A9	مكتبة سنغافورة الوطنية
http://www.wikidata.org/entity/Q953058	https://ar.wikipedia.org/wiki/%D8%A7%D9%84%D9%85%D9%83%D8%AA%D8%A8%D8%A9_%D8%A7%D9%84%D9%88%D8%B7%D9%86%D9%8A%D8%A9_%D8%A7%D9%84%D8%B3%D9%88%D9%8A%D8%AF%D9%8A%D8%A9	المكتبة الوطنية السويدية
http://www.wikidata.org/entity/Q856423	https://ar.wikipedia.org/wiki/%D8%A7%D9%84%D9%85%D9%83%D8%AA%D8%A8%D8%A9_%D8%A7%D9%84%D9%88%D8%B7%D9%86%D9%8A%D8%A9_%E2%80%93_%D8%A8%D9%88%D9%84%D9%86%D8%AF%D8%A7	المكتبة الوطنية في بولندا
http://www.wikidata.org/entity/Q2778411	https://ar.wikipedia.org/wiki/%D8%AF%D8%A7%D8%B1_%D8%A7%D9%84%D9%83%D8%AA%D8%A8_%D9%88%D8%A7%D9%84%D9%88%D8%AB%D8%A7%D8%A6%D9%82_%D8%A7%D9%84%D9%82%D9%88%D9%85%D9%8A%D8%A9_(%D9%85%D8%B5%D8%B1)	دار الكتب والوثائق القومية
http://www.wikidata.org/entity/Q2567785	https://ar.wikipedia.org/wiki/%D8%A7%D9%84%D8%A3%D8%B1%D8%B4%D9%8A%D9%81_%D9%88%D8%A7%D9%84%D9%85%D9%83%D8%AA%D8%A8%D8%A9_%D8%A7%D9%84%D9%88%D8%B7%D9%86%D9%8A%D8%A9_%D8%A8%D8%A3%D8%AB%D9%8A%D9%88%D8%A8%D9%8A%D8%A7	الأرشيف والمكتبة الوطنية بأثيوبيا
http://www.wikidata.org/entity/Q2901478	https://ar.wikipedia.org/wiki/%D8%A7%D9%84%D9%85%D9%83%D8%AA%D8%A8%D8%A9_%D8%A7%D9%84%D9%88%D8%B7%D9%86%D9%8A%D8%A9_%D9%84%D9%84%D9%85%D9%85%D9%84%D9%83%D8%A9_%D8%A7%D9%84%D9%85%D8%BA%D8%B1%D8%A8%D9%8A%D8%A9	المكتبة الوطنية للمملكة المغربية
http://www.wikidata.org/entity/Q2901476	https://ar.wikipedia.org/wiki/%D8%A7%D9%84%D9%85%D9%83%D8%AA%D8%A8%D8%A9_%D8%A7%D9%84%D9%88%D8%B7%D9%86%D9%8A%D8%A9_%D8%A7%D9%84%D8%AC%D8%B2%D8%A7%D8%A6%D8%B1%D9%8A%D8%A9	المكتبة الوطنية الجزائرية
http://www.wikidata.org/entity/Q2901488	https://ar.wikipedia.org/wiki/%D8%A7%D9%84%D9%85%D9%83%D8%AA%D8%A8%D8%A9_%D8%A7%D9%84%D9%88%D8%B7%D9%86%D9%8A%D8%A9_%D8%A7%D9%84%D9%84%D8%A8%D9%86%D8%A7%D9%86%D9%8A%D8%A9	المكتبة الوطنية اللبنانية
http://www.wikidata.org/entity/Q2901492	https://ar.wikipedia.org/wiki/%D8%A7%D9%84%D9%85%D9%83%D8%AA%D8%A8%D8%A9_%D8%A7%D9%84%D9%88%D8%B7%D9%86%D9%8A%D8%A9_%D9%81%D9%8A_%D8%A8%D9%8A%D8%B1%D9%88	المكتبة الوطنية في بيرو
http://www.wikidata.org/entity/Q3399051	https://ar.wikipedia.org/wiki/%D9%85%D9%83%D8%AA%D8%A8%D8%A9_%D8%A7%D9%84%D8%A3%D8%B3%D8%AF_%D8%A7%D9%84%D9%88%D8%B7%D9%86%D9%8A%D8%A9	مكتبة الأسد الوطنية
http://www.wikidata.org/entity/Q1672405	https://ar.wikipedia.org/wiki/%D9%85%D9%83%D8%AA%D8%A8%D8%A9_%D8%A5%D9%8A%D8%B1%D8%A7%D9%86_%D8%A7%D9%84%D9%88%D8%B7%D9%86%D9%8A%D8%A9	مكتبة إيران الوطنية
http://www.wikidata.org/entity/Q2046689	https://ar.wikipedia.org/wiki/%D8%A7%D9%84%D9%85%D9%83%D8%AA%D8%A8%D8%A9_%D8%A7%D9%84%D9%88%D8%B7%D9%86%D9%8A%D8%A9_%D8%A7%D9%84%D8%A8%D8%A7%D9%83%D8%B3%D8%AA%D8%A7%D9%86%D9%8A%D8%A9	المكتبة الوطنية الباكستانية
http://www.wikidata.org/entity/Q2452823	https://ar.wikipedia.org/wiki/%D8%A7%D9%84%D9%85%D9%83%D8%AA%D8%A8%D8%A9_%D8%A7%D9%84%D9%88%D8%B7%D9%86%D9%8A%D8%A9_%D9%81%D9%8A_%D8%A3%D8%B0%D8%B1%D8%A8%D9%8A%D8%AC%D8%A7%D9%86	المكتبة الوطنية في أذربيجان
http://www.wikidata.org/entity/Q1048694	https://ar.wikipedia.org/wiki/%D9%85%D9%83%D8%AA%D8%A8%D8%A9_%D8%AF%D9%88%D9%84%D8%A9_%D8%B1%D9%88%D8%B3%D9%8A%D8%A7	مكتبة دولة روسيا
http://www.wikidata.org/entity/Q1319177	https://ar.wikipedia.org/wiki/%D8%A7%D9%84%D9%85%D9%83%D8%AA%D8%A8%D8%A9_%D8%A7%D9%84%D9%88%D8%B7%D9%86%D9%8A%D8%A9_%D8%A7%D9%84%D8%A3%D8%B1%D8%AC%D9%86%D8%AA%D9%8A%D9%86%D9%8A%D8%A9	المكتبة الوطنية الأرجنتينية
http://www.wikidata.org/entity/Q1361436	https://ar.wikipedia.org/wiki/%D9%85%D9%83%D8%AA%D8%A8%D8%A9_%D9%82%D8%B7%D8%B1_%D8%A7%D9%84%D9%88%D8%B7%D9%86%D9%8A%D8%A9	مكتبة قطر الوطنية
http://www.wikidata.org/entity/Q1467610	https://ar.wikipedia.org/wiki/%D8%A7%D9%84%D9%85%D9%83%D8%AA%D8%A8%D8%A9_%D8%A7%D9%84%D9%88%D8%B7%D9%86%D9%8A%D8%A9_%D8%A7%D9%84%D9%8A%D9%88%D9%86%D8%A7%D9%86%D9%8A%D8%A9	المكتبة الوطنية اليونانية
http://www.wikidata.org/entity/Q4968840	https://ar.wikipedia.org/wiki/%D9%85%D9%83%D8%AA%D8%A8%D8%A9_%D8%A8%D8%B1%D9%8A%D8%B3%D8%AA%D9%88%D9%84_%D8%A7%D9%84%D9%85%D8%B1%D9%83%D8%B2%D9%8A%D8%A9	مكتبة بريستول المركزية
http://www.wikidata.org/entity/Q856380	https://ar.wikipedia.org/wiki/%D9%85%D9%83%D8%AA%D8%A8%D8%A9_%D8%A2%D9%86%D8%AC%D9%8A%D9%84%D9%8A%D9%83%D8%A7	مكتبة آنجيليكا
http://www.wikidata.org/entity/Q856409	https://ar.wikipedia.org/wiki/%D9%85%D9%83%D8%AA%D8%A8%D8%A9_%D8%B1%D9%8A%D9%83%D8%A7%D8%B1%D8%AF%D9%8A%D8%A7%D9%86%D8%A7	مكتبة ريكارديانا
http://www.wikidata.org/entity/Q894583	https://ar.wikipedia.org/wiki/%D9%85%D9%83%D8%AA%D8%A8%D8%A9_%D8%A8%D9%88%D8%B3%D8%B7%D9%86_%D8%A7%D9%84%D8%B9%D8%A7%D9%85%D8%A9	مكتبة بوسطن العامة
http://www.wikidata.org/entity/Q3207001	https://ar.wikipedia.org/wiki/%D9%85%D9%83%D8%AA%D8%A8%D8%A9_%D8%B1%D8%B6%D8%A7	مكتبة رضا
http://www.wikidata.org/entity/Q1801309	https://ar.wikipedia.org/wiki/%D9%85%D9%83%D8%AA%D8%A8%D8%A9_%D9%85%D9%8A%D8%AA%D8%B4%D9%8A%D9%84	مكتبة ميتشيل
http://www.wikidata.org/entity/Q1246991	https://ar.wikipedia.org/wiki/%D9%85%D9%83%D8%AA%D8%A8%D8%A9_%D8%B3%D8%AA%D9%88%D9%83%D9%87%D9%88%D9%84%D9%85_%D8%A7%D9%84%D8%B9%D8%A7%D9%85%D8%A9	مكتبة ستوكهولم العامة
http://www.wikidata.org/entity/Q2440344	https://ar.wikipedia.org/wiki/%D9%83%D8%A7%D8%AA%D8%AF%D8%B1%D8%A7%D8%A6%D9%8A%D8%A9_%D9%88%D9%87%D8%B1%D8%A7%D9%86	كاتدرائية وهران
http://www.wikidata.org/entity/Q269192	https://ar.wikipedia.org/wiki/%D9%85%D9%83%D8%AA%D8%A8%D8%A9_%D9%84%D9%86%D8%AF%D9%86	مكتبة لندن
http://www.wikidata.org/entity/Q206033	https://ar.wikipedia.org/wiki/%D9%83%D8%AA%D8%A8_%D8%AC%D9%88%D8%AC%D9%84	كتب جوجل
http://www.wikidata.org/entity/Q234110	https://ar.wikipedia.org/wiki/%D8%A3%D9%88%D8%B1%D9%88%D8%A8%D9%8A%D8%A7%D9%86%D8%A7	أوروبيانا
http://www.wikidata.org/entity/Q22673	https://ar.wikipedia.org/wiki/%D9%85%D8%B4%D8%B1%D9%88%D8%B9_%D8%BA%D9%88%D8%AA%D9%86%D8%A8%D8%B1%D8%BA	مشروع غوتنبرغ
http://www.wikidata.org/entity/Q461	https://ar.wikipedia.org/wiki/%D8%A3%D8%B1%D8%B4%D9%8A%D9%81_%D8%A7%D9%84%D8%A5%D9%86%D8%AA%D8%B1%D9%86%D8%AA	أرشيف الإنترنت
http://www.wikidata.org/entity/Q263	https://ar.wikipedia.org/wiki/%D9%88%D9%8A%D9%83%D9%8A_%D9%85%D8%B5%D8%AF%D8%B1	ويكي مصدر
http://www.wikidata.org/entity/Q1145552	https://ar.wikipedia.org/wiki/%D8%A3%D9%88%D8%A8%D9%88%D9%88%D9%8A%D8%A8	أوبوويب
http://www.wikidata.org/entity/Q1420342	https://ar.wikipedia.org/wiki/%D8%AC%D8%A7%D9%8A%D8%B3%D8%AA%D9%88%D8%B1	جايستور
http://www.wikidata.org/entity/Q2587057	https://ar.wikipedia.org/wiki/%D8%A7%D9%84%D9%82%D9%8A%D8%AB%D8%A7%D8%B1%D8%A9_%D8%A7%D9%84%D9%86%D9%87%D8%A7%D8%A6%D9%8A%D8%A9	القيثارة النهائية
http://www.wikidata.org/entity/Q1492436	https://ar.wikipedia.org/wiki/%D8%BA%D8%A7%D9%84%D9%8A%D9%83%D8%A7	غاليكا
http://www.wikidata.org/entity/Q475225	https://ar.wikipedia.org/wiki/%D8%A7%D9%84%D9%85%D9%83%D8%AA%D8%A8%D8%A9_%D8%A7%D9%84%D8%B1%D9%82%D9%85%D9%8A%D8%A9_%D8%A7%D9%84%D8%B9%D8%A7%D9%84%D9%85%D9%8A%D8%A9	المكتبة الرقمية العالمية
http://www.wikidata.org/entity/Q2915193	https://ar.wikipedia.org/wiki/%D9%85%D8%B1%D9%83%D8%B2_%D9%85%D8%B9%D9%84%D9%88%D9%85%D8%A7%D8%AA_%D9%85%D8%B5%D8%A7%D8%AF%D8%B1_%D8%A7%D9%84%D8%AA%D8%B9%D9%84%D9%85	مركز معلومات مصادر التعلم
http://www.wikidata.org/entity/Q2944483	https://ar.wikipedia.org/wiki/%D8%A7%D9%84%D9%85%D9%83%D8%AA%D8%A8%D8%A9_%D8%A7%D9%84%D8%B9%D8%A7%D9%85%D8%A9_%D8%A7%D9%84%D8%B1%D9%82%D9%85%D9%8A%D8%A9_%D8%A7%D9%84%D8%A3%D9%85%D8%B1%D9%8A%D9%83%D9%8A%D8%A9	المكتبة العامة الرقمية الأمريكية
http://www.wikidata.org/entity/Q4117880	https://ar.wikipedia.org/wiki/%D8%A3%D8%B1%D8%B4%D9%8A%D9%81_%D8%A7%D9%84%D8%A8%D8%B1%D8%AA%D8%BA%D8%A7%D9%84_%D9%84%D9%84%D9%88%D9%8A%D8%A8	أرشيف البرتغال للويب
http://www.wikidata.org/entity/Q933290	https://ar.wikipedia.org/wiki/%D9%85%D8%B4%D8%B1%D9%88%D8%B9_%D8%B1%D9%88%D9%86%D9%8A%D8%A8%D8%B1%D8%BA	مشروع رونيبرغ
http://www.wikidata.org/entity/Q2901355	https://ar.wikipedia.org/wiki/%D9%85%D9%83%D8%AA%D8%A8%D8%A9_%D8%B4%D9%8A%D8%AA%D8%A7%D9%85	مكتبة شيتام
http://www.wikidata.org/entity/Q6068107	https://ar.wikipedia.org/wiki/%D8%A7%D9%84%D9%85%D9%83%D8%AA%D8%A8%D8%A9_%D8%A7%D9%84%D8%A7%D9%81%D8%AA%D8%B1%D8%A7%D8%B6%D9%8A%D8%A9_%D8%A7%D9%84%D8%B9%D9%84%D9%85%D9%8A%D8%A9_%D8%A7%D9%84%D8%B9%D8%B1%D8%A7%D9%82%D9%8A%D8%A9	المكتبة الافتراضية العلمية العراقية
http://www.wikidata.org/entity/Q754454	https://ar.wikipedia.org/wiki/%D8%B1%D9%8A%D8%B3%D9%8A%D8%B1%D8%B4_%D8%BA%D9%8A%D8%AA	ريسرش جيت
http://www.wikidata.org/entity/Q1070969	https://ar.wikipedia.org/wiki/%D9%84%D9%8A%D8%A8%D8%B1%D9%8A_%D9%81%D9%88%D9%83%D8%B3	ليبري فوكس
http://www.wikidata.org/entity/Q621630	https://ar.wikipedia.org/wiki/%D8%A7%D9%84%D9%85%D9%83%D8%AA%D8%A8%D8%A9_%D8%A7%D9%84%D8%A3%D9%84%D9%85%D8%A7%D9%86%D9%8A%D8%A9_%D8%A7%D9%84%D8%B1%D9%82%D9%85%D9%8A%D8%A9	المكتبة الألمانية الرقمية
http://www.wikidata.org/entity/Q7752786	https://ar.wikipedia.org/wiki/%D8%A7%D9%84%D9%85%D9%83%D8%AA%D8%A8%D8%A9_%D8%A7%D9%84%D8%B1%D9%82%D9%85%D9%8A%D8%A9_%D9%84%D9%84%D8%B9%D8%B7%D8%A7%D8%A1_%D8%A7%D9%84%D8%A7%D8%AC%D8%AA%D9%85%D8%A7%D8%B9%D9%8A_%D9%81%D9%8A_%D8%A7%D9%84%D9%85%D8%AC%D8%AA%D9%85%D8%B9%D8%A7%D8%AA_%D8%A7%D9%84%D8%A5%D8%B3%D9%84%D8%A7%D9%85%D9%8A%D8%A9	المكتبة الرقمية للعطاء الاجتماعي في المجتمعات الإسلامية
http://www.wikidata.org/entity/Q12193670	https://ar.wikipedia.org/wiki/%D8%A7%D9%84%D9%85%D9%83%D8%AA%D8%A8%D8%A9_%D8%A7%D9%84%D8%B1%D9%82%D9%85%D9%8A%D8%A9_%D8%A7%D9%84%D8%B3%D8%B9%D9%88%D8%AF%D9%8A%D8%A9	المكتبة الرقمية السعودية
http://www.wikidata.org/entity/Q24997659	https://ar.wikipedia.org/wiki/%D8%A7%D9%84%D9%85%D9%83%D8%AA%D8%A8%D8%A9_%D8%A7%D9%84%D8%A8%D8%B1%D9%84%D9%85%D8%A7%D9%86%D9%8A%D8%A9_%D8%A7%D9%84%D8%A3%D8%B3%D8%AA%D8%B1%D8%A7%D9%84%D9%8A%D8%A9	المكتبة البرلمانية الأسترالية
http://www.wikidata.org/entity/Q22975461	https://ar.wikipedia.org/wiki/%D9%82%D8%A7%D8%B9%D8%AF%D8%A9_%D8%A8%D9%8A%D8%A7%D9%86%D8%A7%D8%AA_%D8%A7%D9%84%D9%85%D8%A4%D9%84%D9%81%D9%8A%D9%86_%D8%A7%D9%84%D8%A3%D9%88%D8%B1%D9%88%D8%BA%D9%88%D8%A7%D9%86%D9%8A%D9%8A%D9%86	قاعدة بيانات المؤلفين الأوروغوانيين
http://www.wikidata.org/entity/Q435	https://ar.wikipedia.org/wiki/%D9%85%D9%83%D8%AA%D8%A8%D8%A9_%D8%A7%D9%84%D8%A5%D8%B3%D9%83%D9%86%D8%AF%D8%B1%D9%8A%D8%A9	مكتبة الإسكندرية
http://www.wikidata.org/entity/Q30596153	https://ar.wikipedia.org/wiki/%D8%A8%D9%86%D9%83_%D8%A7%D9%84%D9%85%D8%B9%D8%B1%D9%81%D8%A9_%D8%A7%D9%84%D9%85%D8%B5%D8%B1%D9%8A	بنك المعرفة المصري
http://www.wikidata.org/entity/Q7450019	https://ar.wikipedia.org/wiki/%D8%AE%D8%AF%D9%85%D8%A7%D8%AA_%D8%A7%D9%84%D9%85%D9%83%D8%AA%D8%A8%D8%A9_%D8%A7%D9%84%D8%A8%D8%AD%D8%AB%D9%8A%D8%A9_%D9%81%D9%8A_%D8%AC%D8%A7%D9%85%D8%B9%D8%A9_%D9%84%D9%86%D8%AF%D9%86	خدمات المكتبة البحثية في جامعة لندن
http://www.wikidata.org/entity/Q3815720	https://ar.wikipedia.org/wiki/%D9%85%D8%B9%D9%87%D8%AF_%D8%A3%D8%AD%D9%85%D8%AF_%D8%A8%D8%A7%D8%A8%D8%A7	معهد أحمد بابا
http://www.wikidata.org/entity/Q849660	https://ar.wikipedia.org/wiki/%D9%85%D9%83%D8%AA%D8%A8%D8%A9_%D8%A8%D9%8A%D8%B1%D8%AF%D8%AC%D9%85%D8%A7%D9%86_%D9%84%D9%84%D9%81%D9%86%D9%88%D9%86	مكتبة بيردجمان للفنون
http://www.wikidata.org/entity/Q82494	https://ar.wikipedia.org/wiki/%D8%A7%D9%84%D9%85%D8%B1%D9%83%D8%B2_%D8%A7%D9%84%D9%88%D8%B7%D9%86%D9%8A_%D9%84%D9%85%D8%B9%D9%84%D9%88%D9%85%D8%A7%D8%AA_%D8%A7%D9%84%D8%AA%D9%82%D8%A7%D9%86%D8%A9_%D8%A7%D9%84%D8%AD%D9%8A%D9%88%D9%8A%D8%A9	المركز الوطني لمعلومات التقانة الحيوية
http://www.wikidata.org/entity/Q364	https://ar.wikipedia.org/wiki/%D8%BA%D9%8A%D8%AA_%D9%87%D8%A7%D8%A8	غيت هب
http://www.wikidata.org/entity/Q278487	https://ar.wikipedia.org/wiki/%D8%A8%D9%88%D8%A8_%D9%83%D9%8A%D9%85	بوب كيم
http://www.wikidata.org/entity/Q165400	https://ar.wikipedia.org/wiki/%D8%B3%D9%88%D8%B1%D8%B3_%D9%81%D9%88%D8%B1%D8%AC	سورس فورج
http://www.wikidata.org/entity/Q905695	https://ar.wikipedia.org/wiki/%D9%8A%D9%88%D9%86%D9%8A%D8%A8%D8%B1%D9%88%D8%AA	يونيبروت
http://www.wikidata.org/entity/Q830106	https://ar.wikipedia.org/wiki/%D8%AC%D9%8A%D9%88%D9%86%D9%8A%D9%85%D8%B2	جيونيمز
http://www.wikidata.org/entity/Q845271	https://ar.wikipedia.org/wiki/%D9%84%D8%A7%D9%86%D8%B4%D8%A8%D8%A7%D8%AF	لانشباد
http://www.wikidata.org/entity/Q1453477	https://ar.wikipedia.org/wiki/%D9%81%D8%B1%D9%8A%D8%A8%D9%8A%D8%B3	فريبيس
http://www.wikidata.org/entity/Q856419	https://ar.wikipedia.org/wiki/%D8%A7%D9%84%D9%85%D9%83%D8%AA%D8%A8%D8%A9_%D8%A7%D9%84%D9%84%D9%88%D8%B1%D9%86%D8%AA%D9%8A%D8%A9	المكتبة اللورنتية
http://www.wikidata.org/entity/Q2311683	https://ar.wikipedia.org/wiki/%D9%83%D9%8A%D9%85_%D8%B3%D8%A8%D8%A7%D9%8A%D8%AF%D8%B1	كيم سبايدر
http://www.wikidata.org/entity/Q3192586	https://ar.wikipedia.org/wiki/%D9%85%D8%AA%D8%AD%D9%81_%D9%83%D8%A7%D9%86%D8%A7%D8%B2%D8%A7%D9%88%D8%A7_%D8%A8%D9%88%D9%86%D9%83%D9%88	متحف كانازاوا بونكو
http://www.wikidata.org/entity/Q1531570	https://ar.wikipedia.org/wiki/%D9%85%D8%B1%D9%81%D9%82_%D9%85%D8%B9%D9%84%D9%88%D9%85%D8%A7%D8%AA_%D8%A7%D9%84%D8%AA%D9%86%D9%88%D8%B9_%D8%A7%D9%84%D8%AD%D9%8A%D9%88%D9%8A_%D8%A7%D9%84%D8%B9%D8%A7%D9%84%D9%85%D9%8A	مرفق معلومات التنوع الحيوي العالمي
http://www.wikidata.org/entity/Q2901285	https://ar.wikipedia.org/wiki/%D9%85%D9%83%D8%AA%D8%A8%D8%A9_%D8%BA%D8%A7%D8%A8%D8%B1%D9%8A%D9%8A%D9%84_%D8%B1%D9%88%D9%8A	مكتبة غابرييل روي
http://www.wikidata.org/entity/Q22017206	https://ar.wikipedia.org/wiki/%D9%84%D8%A7%D9%8A%D8%A8%D8%B1%D8%A7%D8%B1%D9%8A_%D8%AC%D9%8A%D9%86%D9%8A%D8%B3%D9%8A%D8%B3	لايبراري جينيسيس
http://www.wikidata.org/entity/Q21980377	https://ar.wikipedia.org/wiki/%D8%B3%D8%A7%D9%8A-%D9%87%D8%A8	ساي-هب
http://www.wikidata.org/entity/Q2901560	https://ar.wikipedia.org/wiki/%D9%85%D9%83%D8%AA%D8%A8%D8%A7%D8%AA_%D9%83%D9%8A%D8%A8%D9%83	مكتبات كيبك
http://www.wikidata.org/entity/Q20410138	https://ar.wikipedia.org/wiki/%D8%A7%D9%84%D8%AE%D8%B2%D8%A7%D9%86%D8%A9_%D8%A7%D9%84%D9%85%D9%84%D9%83%D9%8A%D8%A9_%D8%A8%D8%A7%D9%84%D8%B1%D8%A8%D8%A7%D8%B7	الخزانة الملكية بالرباط
http://www.wikidata.org/entity/Q3887925	https://ar.wikipedia.org/wiki/%D8%A3%D8%B1%D8%B4%D9%8A%D9%81_%D8%A8%D8%A7%D9%86%D8%AF%D9%88%D8%B1%D8%A7	أرشيف باندورا
