item	article	label
http://www.wikidata.org/entity/Q461	https://ca.wikipedia.org/wiki/Internet_Archive	Internet Archive
http://www.wikidata.org/entity/Q565	https://ca.wikipedia.org/wiki/Wikimedia_Commons	Wikimedia Commons
http://www.wikidata.org/entity/Q2916137	https://ca.wikipedia.org/wiki/Cinemateca_de_Jerusalem	Cinemateca de Jerusalem
http://www.wikidata.org/entity/Q1507284	https://ca.wikipedia.org/wiki/George_Eastman_House	George Eastman House
http://www.wikidata.org/entity/Q174274	https://ca.wikipedia.org/wiki/Cin%C3%A9math%C3%A8que_Fran%C3%A7aise	Cinémathèque Française
http://www.wikidata.org/entity/Q19874	https://ca.wikipedia.org/wiki/Museu_nacional_del_cinema	Museu nacional del cinema
http://www.wikidata.org/entity/Q685753	https://ca.wikipedia.org/wiki/Bundesarchiv	Arxiu Federal d'Alemanya
http://www.wikidata.org/entity/Q94200	https://ca.wikipedia.org/wiki/Arxiu_Joan_Maragall	Arxiu Joan Maragall
http://www.wikidata.org/entity/Q156591	https://ca.wikipedia.org/wiki/Iad_va-Xem	Yad va-Xem
http://www.wikidata.org/entity/Q536580	https://ca.wikipedia.org/wiki/Arxiu_Secret_del_Vatic%C3%A0	Arxiu Secret del Vaticà
http://www.wikidata.org/entity/Q392703	https://ca.wikipedia.org/wiki/Arxius_Nacionals_del_Regne_Unit	Arxius Nacionals del Regne Unit
http://www.wikidata.org/entity/Q11906820	https://ca.wikipedia.org/wiki/Arxiu_Municipal_de_Girona	Arxiu Municipal de Girona
http://www.wikidata.org/entity/Q11906824	https://ca.wikipedia.org/wiki/Arxiu_Municipal_de_Sant_Cugat_del_Vall%C3%A8s	Arxiu Municipal de Sant Cugat del Vallès
http://www.wikidata.org/entity/Q11906821	https://ca.wikipedia.org/wiki/Arxiu_Municipal_de_Barcelona	Arxiu Municipal de Barcelona
http://www.wikidata.org/entity/Q518155	https://ca.wikipedia.org/wiki/National_Archives_and_Records_Administration	Arxiu nacional i administració de documents dels Estats Units d'Amèrica
http://www.wikidata.org/entity/Q11906808	https://ca.wikipedia.org/wiki/Arxiu_Comarcal_del_Montsi%C3%A0	Arxiu Comarcal del Montsià
http://www.wikidata.org/entity/Q11906822	https://ca.wikipedia.org/wiki/Arxiu_Municipal_de_Lleida	Arxiu Municipal de Lleida
http://www.wikidata.org/entity/Q495822	https://ca.wikipedia.org/wiki/Arxiu_Nacional_de_la_Rep%C3%BAblica_de_Maced%C3%B2nia_del_Nord	Arxiu Nacional de Macedònia del Nord
http://www.wikidata.org/entity/Q17156946	https://ca.wikipedia.org/wiki/Arxiu_Municipal_de_l%27Hospitalet_de_Llobregat	Arxiu Municipal de l'Hospitalet de Llobregat
http://www.wikidata.org/entity/Q17156940	https://ca.wikipedia.org/wiki/Arxiu_Municipal_de_Castell%C3%B3_d%27Emp%C3%BAries	Arxiu Municipal de Castelló d'Empúries
http://www.wikidata.org/entity/Q11906826	https://ca.wikipedia.org/wiki/Arxiu_Municipal_de_Sant_Just_Desvern	Arxiu Municipal de Sant Just Desvern
http://www.wikidata.org/entity/Q11909321	https://ca.wikipedia.org/wiki/Biblioteca_P%C3%BAblica_de_Ma%C3%B3	Biblioteca Pública de Maó
http://www.wikidata.org/entity/Q17156953	https://ca.wikipedia.org/wiki/Arxiu_Municipal_de_Tarragona	Arxiu Municipal de Tarragona
http://www.wikidata.org/entity/Q11906828	https://ca.wikipedia.org/wiki/Arxiu_Municipal_de_Rub%C3%AD	Arxiu Municipal de Rubí
http://www.wikidata.org/entity/Q17156943	https://ca.wikipedia.org/wiki/Arxiu_Municipal_de_Granollers	Arxiu Municipal de Granollers
http://www.wikidata.org/entity/Q11906825	https://ca.wikipedia.org/wiki/Arxiu_Municipal_de_Palafrugell	Arxiu Municipal de Palafrugell
http://www.wikidata.org/entity/Q17156950	https://ca.wikipedia.org/wiki/Arxiu_Municipal_de_Sant_Vicen%C3%A7_dels_Horts	Arxiu Municipal de Sant Vicenç dels Horts
http://www.wikidata.org/entity/Q17156951	https://ca.wikipedia.org/wiki/Arxiu_Municipal_del_districte_de_Sants-Montju%C3%AFc	Arxiu Municipal del districte de Sants-Montjuïc
http://www.wikidata.org/entity/Q17156947	https://ca.wikipedia.org/wiki/Arxiu_Municipal_de_Ma%C3%A7anet_de_la_Selva	Arxiu Municipal de Maçanet de la Selva
http://www.wikidata.org/entity/Q11906827	https://ca.wikipedia.org/wiki/Arxiu_Municipal_de_Sant_Pere_de_Ribes	Arxiu Municipal de Sant Pere de Ribes
http://www.wikidata.org/entity/Q11938043	https://ca.wikipedia.org/wiki/Museu_Arxiu_Municipal_de_Cabrils	Museu Arxiu Municipal de Cabrils
http://www.wikidata.org/entity/Q11949468	https://ca.wikipedia.org/wiki/Servei_d%27Arxiu_Municipal_de_Palam%C3%B3s	Servei d'Arxiu Municipal de Palamós
http://www.wikidata.org/entity/Q11917316	https://ca.wikipedia.org/wiki/Dip%C3%B2sit_d%27Arxius_de_Cervera	Dipòsit d'Arxius de Cervera
http://www.wikidata.org/entity/Q11906848	https://ca.wikipedia.org/wiki/Arxius_de_la_Generalitat_de_Catalunya	arxius de la Generalitat de Catalunya
http://www.wikidata.org/entity/Q11926286	https://ca.wikipedia.org/wiki/INSPAI	INSPAI
http://www.wikidata.org/entity/Q11906838	https://ca.wikipedia.org/wiki/Arxiu_del_Regne_de_Mallorca	Arxiu del Regne de Mallorca
http://www.wikidata.org/entity/Q21081959	https://ca.wikipedia.org/wiki/CLOCKSS	CLOCKSS
http://www.wikidata.org/entity/Q13442978	https://ca.wikipedia.org/wiki/Arxiu_Hist%C3%B2ric_de_l%27Hospital_de_la_Santa_Creu_i_Sant_Pau	Arxiu Històric de l'Hospital de la Santa Creu i Sant Pau
http://www.wikidata.org/entity/Q2860541	https://ca.wikipedia.org/wiki/Arxiu_Municipal_de_Reus	Arxiu Municipal de Reus
http://www.wikidata.org/entity/Q2916134	https://ca.wikipedia.org/wiki/Cinemateca_de_Tel_Aviv	Cinemateca de Tel Aviv
http://www.wikidata.org/entity/Q11906834	https://ca.wikipedia.org/wiki/Arxiu_de_la_Diputaci%C3%B3_de_Tarragona	Arxiu de la Diputació de Tarragona
http://www.wikidata.org/entity/Q11906831	https://ca.wikipedia.org/wiki/Arxiu_Provincial_de_l%27Escola_Pia_de_Catalunya	Arxiu Provincial de l'Escola Pia de Catalunya
http://www.wikidata.org/entity/Q11906835	https://ca.wikipedia.org/wiki/Arxiu_de_Revistes_Catalanes_Antigues	Arxiu de Revistes Catalanes Antigues
http://www.wikidata.org/entity/Q823422	https://ca.wikipedia.org/wiki/National_Film_Registry	National Film Registry
http://www.wikidata.org/entity/Q3745476	https://ca.wikipedia.org/wiki/Filmoteca_Vaticana	Filmoteca Vaticana
http://www.wikidata.org/entity/Q3816688	https://ca.wikipedia.org/wiki/Cinemateca_Uruguaiana	Cinemateca Uruguaiana
http://www.wikidata.org/entity/Q1092492	https://ca.wikipedia.org/wiki/Cineteca_Nacional	Cineteca Nacional
http://www.wikidata.org/entity/Q4894418	https://ca.wikipedia.org/wiki/Filmoteca_de_Catalunya	Filmoteca de Catalunya
http://www.wikidata.org/entity/Q17152375	https://ca.wikipedia.org/wiki/Arxiu_Fam%C3%ADlia_Vila-Torn_de_Tagamanent	Arxiu Família Vila-Torn de Tagamanent
http://www.wikidata.org/entity/Q17152388	https://ca.wikipedia.org/wiki/Arxiu_Dioces%C3%A0_de_Girona	Arxiu Diocesà de Girona
http://www.wikidata.org/entity/Q17152395	https://ca.wikipedia.org/wiki/Arxiu_Hist%C3%B2ric_de_Girona	Arxiu Històric de Girona
http://www.wikidata.org/entity/Q17156939	https://ca.wikipedia.org/wiki/Arxiu_Municipal_del_Districte_de_Sant_Mart%C3%AD	Arxiu Municipal del Districte de Sant Martí
http://www.wikidata.org/entity/Q17156942	https://ca.wikipedia.org/wiki/Arxiu_Comarcal_de_la_Garrotxa	Arxiu Comarcal de la Garrotxa
http://www.wikidata.org/entity/Q17156957	https://ca.wikipedia.org/wiki/Arxiu_Comarcal_del_Vall%C3%A8s_Occidental	Arxiu Comarcal del Vallès Occidental
http://www.wikidata.org/entity/Q17043926	https://ca.wikipedia.org/wiki/Arxiu_Miquel_Crusafont_i_Pair%C3%B3	Arxiu Miquel Crusafont i Pairó
http://www.wikidata.org/entity/Q11683340	https://ca.wikipedia.org/wiki/Institut_Valenci%C3%A0_de_l%27Audiovisual_i_de_la_Cinematografia_Ricardo_Mu%C3%B1oz_Suay	Institut Valencià de l'Audiovisual i de la Cinematografia Ricardo Muñoz Suay
http://www.wikidata.org/entity/Q17152377	https://ca.wikipedia.org/wiki/Arxiu_General_de_la_Diputaci%C3%B3_de_Barcelona	Arxiu General de la Diputació de Barcelona
http://www.wikidata.org/entity/Q17152389	https://ca.wikipedia.org/wiki/Arxiu_Dioces%C3%A0_de_Lleida	Arxiu Diocesà de Lleida
http://www.wikidata.org/entity/Q16879318	https://ca.wikipedia.org/wiki/Arxiu_Nacional_de_Ruanda	Arxiu Nacional de Ruanda
http://www.wikidata.org/entity/Q17152379	https://ca.wikipedia.org/wiki/Arxiu_Hist%C3%B2ric_de_Mollet_del_Vall%C3%A8s	Arxiu Històric de Mollet del Vallès
http://www.wikidata.org/entity/Q17156937	https://ca.wikipedia.org/wiki/Arxiu_Comarcal_de_l%27Urgell	Arxiu Comarcal de l'Urgell
http://www.wikidata.org/entity/Q17301374	https://ca.wikipedia.org/wiki/Arxius_Nacionals_d%27Andorra	Arxius Nacionals d'Andorra
http://www.wikidata.org/entity/Q18973964	https://ca.wikipedia.org/wiki/Arxiu_General_de_l%27Administraci%C3%B3	Arxiu General de l'Administració
http://www.wikidata.org/entity/Q16867578	https://ca.wikipedia.org/wiki/Arxiu_Hist%C3%B2ric_Provincial_de_Castell%C3%B3	Arxiu Històric Provincial de Castelló
http://www.wikidata.org/entity/Q17043923	https://ca.wikipedia.org/wiki/Arxiu_Hist%C3%B2ric_de_Sabadell	Arxiu Històric de Sabadell
http://www.wikidata.org/entity/Q14915083	https://ca.wikipedia.org/wiki/Arxiu_Nacional_de_Cap_Verd	Arxiu Nacional de Cap Verd
http://www.wikidata.org/entity/Q17152380	https://ca.wikipedia.org/wiki/Arxiu_Intermedi_de_la_Regi%C3%B3_Militar_Pirinenca	Arxiu Intermedi de la Regió Militar Pirinenca
http://www.wikidata.org/entity/Q17156941	https://ca.wikipedia.org/wiki/Arxiu_Central_Administratiu_del_Departament_de_la_Presid%C3%A8ncia	Arxiu Central Administratiu del Departament de la Presidència
http://www.wikidata.org/entity/Q17152378	https://ca.wikipedia.org/wiki/Arxiu_Hist%C3%B2ric_Arxidioces%C3%A0_de_Tarragona	Arxiu Històric Arxidiocesà de Tarragona
http://www.wikidata.org/entity/Q17152385	https://ca.wikipedia.org/wiki/Arxiu_Comarcal_del_Bergued%C3%A0	Arxiu Comarcal del Berguedà
http://www.wikidata.org/entity/Q17152398	https://ca.wikipedia.org/wiki/Arxiu_Hist%C3%B2ric_de_Tarragona	Arxiu Històric de Tarragona
http://www.wikidata.org/entity/Q17152397	https://ca.wikipedia.org/wiki/Arxiu_Hist%C3%B2ric_de_Protocols_de_Barcelona	Arxiu Històric de Protocols de Barcelona
http://www.wikidata.org/entity/Q5864454	https://ca.wikipedia.org/wiki/Fototeca_Municipal_de_Sevilla	Fototeca Municipal de Sevilla
http://www.wikidata.org/entity/Q17156954	https://ca.wikipedia.org/wiki/Arxiu_Municipal_Administratiu_de_Terrassa	Arxiu Municipal Administratiu de Terrassa
http://www.wikidata.org/entity/Q6431840	https://ca.wikipedia.org/wiki/Arxiu_de_Pel%C2%B7l%C3%ADcules_Coreanes	Arxiu de Pel·lícules Coreanes
http://www.wikidata.org/entity/Q17152382	https://ca.wikipedia.org/wiki/Arxiu_Hist%C3%B2ric_de_la_Ciutat_de_Badalona	Arxiu Històric de la Ciutat de Badalona
http://www.wikidata.org/entity/Q17152386	https://ca.wikipedia.org/wiki/Arxiu_Capitular_de_Lleida	Arxiu Capitular de Lleida
http://www.wikidata.org/entity/Q17152396	https://ca.wikipedia.org/wiki/Arxiu_Hist%C3%B2ric_de_Lleida	Arxiu Històric de Lleida
http://www.wikidata.org/entity/Q17156949	https://ca.wikipedia.org/wiki/Arxiu_Comarcal_del_Pla_de_l%27Estany	Arxiu Comarcal del Pla de l'Estany
http://www.wikidata.org/entity/Q17156952	https://ca.wikipedia.org/wiki/Arxiu_del_So_i_de_la_Imatge_de_Mallorca	Arxiu del So i de la Imatge de Mallorca
http://www.wikidata.org/entity/Q17156956	https://ca.wikipedia.org/wiki/Arxiu_Tobella	Arxiu Tobella
http://www.wikidata.org/entity/Q17152381	https://ca.wikipedia.org/wiki/Arxius_de_les_Esgl%C3%A9sies_i_de_les_comunitats_confessionals	Arxius de les Esglésies i de les comunitats confessionals
http://www.wikidata.org/entity/Q17156938	https://ca.wikipedia.org/wiki/Arxiu_Fotogr%C3%A0fic_del_Centre_Excursionista_de_Catalunya	Arxiu Fotogràfic del Centre Excursionista de Catalunya
http://www.wikidata.org/entity/Q17156948	https://ca.wikipedia.org/wiki/Arxiu_del_Parlament_de_Catalunya	Arxiu del Parlament de Catalunya
http://www.wikidata.org/entity/Q5449162	https://ca.wikipedia.org/wiki/Filmoteca_Espanyola	Filmoteca Espanyola
http://www.wikidata.org/entity/Q670848	https://ca.wikipedia.org/wiki/Centre_Internacional_de_Recerca_de_l%27Anarquisme	Centre Internacional de Recerca de l'Anarquisme
http://www.wikidata.org/entity/Q371908	https://ca.wikipedia.org/wiki/Albertina	Albertina
http://www.wikidata.org/entity/Q666063	https://ca.wikipedia.org/wiki/Biblioteca_Nacional_de_Gal%C2%B7les	Biblioteca Nacional de Gal·les
http://www.wikidata.org/entity/Q11906817	https://ca.wikipedia.org/wiki/Arxiu_Hist%C3%B2ric_del_Museu_Rom%C3%A0ntic_de_Can_Papiol	Arxiu Històric del Museu Romàntic de Can Papiol
http://www.wikidata.org/entity/Q11906805	https://ca.wikipedia.org/wiki/Arxiu_Comarcal_del_Baix_Camp	Arxiu Comarcal del Baix Camp
http://www.wikidata.org/entity/Q11154055	https://ca.wikipedia.org/wiki/Centre_Nacional_Audiovisual	Centre Nacional Audiovisual
http://www.wikidata.org/entity/Q8203683	https://ca.wikipedia.org/wiki/Arxiu_del_Regne_de_Val%C3%A8ncia	Arxiu del Regne de València
http://www.wikidata.org/entity/Q11906802	https://ca.wikipedia.org/wiki/Arxiu_Comarcal_de_la_Conca_de_Barber%C3%A0	Arxiu Comarcal de la Conca de Barberà
http://www.wikidata.org/entity/Q11906809	https://ca.wikipedia.org/wiki/Arxiu_Comarcal_del_Maresme	Arxiu Comarcal del Maresme
http://www.wikidata.org/entity/Q11906815	https://ca.wikipedia.org/wiki/Arxiu_Hist%C3%B2ric_de_Roquetes-Nou_Barris	Arxiu Històric de Roquetes-Nou Barris
http://www.wikidata.org/entity/Q11906818	https://ca.wikipedia.org/wiki/Arxiu_Hist%C3%B2ric_del_Poblenou	Arxiu Històric del Poblenou
http://www.wikidata.org/entity/Q11906810	https://ca.wikipedia.org/wiki/Arxiu_Comarcal_del_Vall%C3%A8s_Oriental	Arxiu Comarcal del Vallès Oriental
http://www.wikidata.org/entity/Q11906819	https://ca.wikipedia.org/wiki/Arxiu_Montserrat_Tarradellas_i_Maci%C3%A0	Arxiu Montserrat Tarradellas i Macià
http://www.wikidata.org/entity/Q64691915	https://ca.wikipedia.org/wiki/Arxiu_General_del_Consell_de_Mallorca	Arxiu General del Consell de Mallorca
http://www.wikidata.org/entity/Q11906803	https://ca.wikipedia.org/wiki/Arxiu_Central_dels_Jutjats_de_la_Ciutat_de_la_Just%C3%ADcia_de_Barcelona	Arxiu Central dels Jutjats de la Ciutat de la Justícia de Barcelona
http://www.wikidata.org/entity/Q11906806	https://ca.wikipedia.org/wiki/Arxiu_Comarcal_del_Bages	Arxiu Comarcal del Bages
http://www.wikidata.org/entity/Q11906813	https://ca.wikipedia.org/wiki/Arxiu_Fidel_Fita	Arxiu Històric Fidel Fita d'Arenys de Mar
http://www.wikidata.org/entity/Q1023323	https://ca.wikipedia.org/wiki/CEGES-SOMA	CEGES-SOMA
http://www.wikidata.org/entity/Q8203649	https://ca.wikipedia.org/wiki/Arxiu_Nacional_de_Catalunya	Arxiu Nacional de Catalunya
http://www.wikidata.org/entity/Q850178	https://ca.wikipedia.org/wiki/Arxiu_Bettmann	Arxiu Bettmann
http://www.wikidata.org/entity/Q913250	https://ca.wikipedia.org/wiki/Biblioteca_i_Arxius_de_Canad%C3%A0	Biblioteca i Arxius del Canadà
http://www.wikidata.org/entity/Q758610	https://ca.wikipedia.org/wiki/Rijksbureau_voor_Kunsthistorische_Documentatie	RKD-Nederlands Instituut voor Kunstgeschiedenis
http://www.wikidata.org/entity/Q975659	https://ca.wikipedia.org/wiki/Arxiu_Hist%C3%B2ric_de_Comissions_Obreres_de_Catalunya	Arxiu Històric de Comissions Obreres de Catalunya
http://www.wikidata.org/entity/Q8203680	https://ca.wikipedia.org/wiki/Arxiu_de_la_Reial_Cancelleria_de_Granada	Arxiu de la Real Chancillería de Granada
http://www.wikidata.org/entity/Q1131877	https://ca.wikipedia.org/wiki/Institut_de_la_Imatge_i_el_So_dels_Pa%C3%AFsos_Baixos	Institut de la Imatge i el So dels Països Baixos
http://www.wikidata.org/entity/Q8203644	https://ca.wikipedia.org/wiki/Arxiu_Hist%C3%B2ric_de_la_Ciutat_de_Barcelona	Arxiu Històric de la Ciutat de Barcelona
http://www.wikidata.org/entity/Q634421	https://ca.wikipedia.org/wiki/Centre_de_Documentaci%C3%B3_i_Museu_de_les_Arts_Esc%C3%A8niques	Centre de Documentació i Museu de les Arts Escèniques
http://www.wikidata.org/entity/Q648266	https://ca.wikipedia.org/wiki/Wayback_Machine	Wayback Machine
http://www.wikidata.org/entity/Q537883	https://ca.wikipedia.org/wiki/Arxiu_General_de_Simancas	Arxiu General de Simancas
http://www.wikidata.org/entity/Q477051	https://ca.wikipedia.org/wiki/Arxiu_General_d%27%C3%8Dndies	Arxiu General d'Índies
http://www.wikidata.org/entity/Q3816577	https://ca.wikipedia.org/wiki/Museu-Arxiu_Tom%C3%A0s_Balvey	Museu-Arxiu Tomàs Balvey de Cardedeu
http://www.wikidata.org/entity/Q5702898	https://ca.wikipedia.org/wiki/Arxiu_Central_d%27Educaci%C3%B3	Arxiu Central d'Educació
http://www.wikidata.org/entity/Q6974201	https://ca.wikipedia.org/wiki/Centre_Nacional_de_Literatura	Centre Nacional de Literatura
http://www.wikidata.org/entity/Q5531705	https://ca.wikipedia.org/wiki/Arxiu_General_de_la_Guerra_Civil_Espanyola	Arxiu General de la Guerra Civil
http://www.wikidata.org/entity/Q3816478	https://ca.wikipedia.org/wiki/Museu-Arxiu_de_Vilassar_de_Dalt	Museu-Arxiu de Vilassar de Dalt
http://www.wikidata.org/entity/Q6970373	https://ca.wikipedia.org/wiki/National_Anthropological_Archives	National Anthropological Archives
http://www.wikidata.org/entity/Q2944356	https://ca.wikipedia.org/wiki/Center_for_Creative_Photography	Center for Creative Photography
http://www.wikidata.org/entity/Q3816331	https://ca.wikipedia.org/wiki/Museu_Arxiu_de_Sant_Andreu_de_Llavaneres	Museu Arxiu de Sant Andreu de Llavaneres
http://www.wikidata.org/entity/Q4787316	https://ca.wikipedia.org/wiki/Arxiu_Nacional_de_la_Mem%C3%B2ria	Arxiu Nacional de la Memòria
http://www.wikidata.org/entity/Q1768002	https://ca.wikipedia.org/wiki/Arxiu_Hist%C3%B2ric_Nacional	Arxiu Històric Nacional
http://www.wikidata.org/entity/Q3819476	https://ca.wikipedia.org/wiki/Museu_Arxiu_Municipal_de_Calella_Josep_Maria_Codina_i_Bagu%C3%A9	Museu Arxiu Municipal de Calella Josep Maria Codina i Bagué
http://www.wikidata.org/entity/Q3571546	https://ca.wikipedia.org/wiki/Arxiu_de_la_Corona_d%27Arag%C3%B3	Arxiu de la Corona d'Aragó
http://www.wikidata.org/entity/Q1526131	https://ca.wikipedia.org/wiki/Biblioteca_Reial_(Pa%C3%AFsos_Baixos)	Biblioteca Reial
http://www.wikidata.org/entity/Q1667757	https://ca.wikipedia.org/wiki/Institut_Internacional_d%27Hist%C3%B2ria_Social	Institut Internacional d'Història Social
http://www.wikidata.org/entity/Q1511162	https://ca.wikipedia.org/wiki/WebCite	WebCite
http://www.wikidata.org/entity/Q2778411	https://ca.wikipedia.org/wiki/Biblioteca_Nacional_d%27Egipte	Biblioteca Nacional d'Egipte
http://www.wikidata.org/entity/Q1769248	https://ca.wikipedia.org/wiki/Arquivo_Nacional_da_Torre_do_Tombo	Arquivo Nacional da Torre do Tombo
http://www.wikidata.org/entity/Q131454	https://ca.wikipedia.org/wiki/Biblioteca_del_Congr%C3%A9s_dels_Estats_Units	Biblioteca del Congrés dels Estats Units
http://www.wikidata.org/entity/Q75430	https://ca.wikipedia.org/wiki/Patrimoni_Digital_de_Catalunya	PADICAT
http://www.wikidata.org/entity/Q2311683	https://ca.wikipedia.org/wiki/ChemSpider	ChemSpider
http://www.wikidata.org/entity/Q1347705	https://ca.wikipedia.org/wiki/National_Space_Science_Data_Center	National Space Science Data Center
http://www.wikidata.org/entity/Q905695	https://ca.wikipedia.org/wiki/UniProt	UniProt
http://www.wikidata.org/entity/Q20102842	https://ca.wikipedia.org/wiki/Arxiu_Comarcal_de_l%27Alt_Camp	Arxiu Comarcal de l'Alt Camp
http://www.wikidata.org/entity/Q21081686	https://ca.wikipedia.org/wiki/Arxiu_Comarcal_de_la_Segarra	Arxiu Comarcal de la Segarra
http://www.wikidata.org/entity/Q17156933	https://ca.wikipedia.org/wiki/Arxiu_Comarcal_de_l%27Alt_Empord%C3%A0	Arxiu Comarcal de l'Alt Empordà
http://www.wikidata.org/entity/Q20102848	https://ca.wikipedia.org/wiki/Arxiu_Comarcal_de_la_Terra_Alta	Arxiu Comarcal de la Terra Alta
http://www.wikidata.org/entity/Q17152387	https://ca.wikipedia.org/wiki/Arxiu_Dioces%C3%A0_de_Barcelona	Arxiu Diocesà de Barcelona
http://www.wikidata.org/entity/Q17156934	https://ca.wikipedia.org/wiki/Arxiu_Comarcal_de_l%27Alt_Pened%C3%A8s	Arxiu Comarcal de l'Alt Penedès
http://www.wikidata.org/entity/Q17073815	https://ca.wikipedia.org/wiki/Paleobiology_Database	Paleobiology Database
http://www.wikidata.org/entity/Q17152390	https://ca.wikipedia.org/wiki/Arxiu_Dioces%C3%A0_de_Solsona	Arxiu Diocesà de Solsona
http://www.wikidata.org/entity/Q2860568	https://ca.wikipedia.org/wiki/Arxius_d%27Art_Americ%C3%A0	Arxius d'Art Americà
http://www.wikidata.org/entity/Q11906804	https://ca.wikipedia.org/wiki/Arxiu_Comarcal_del_Garraf	Arxiu Comarcal del Garraf
http://www.wikidata.org/entity/Q22661177	https://ca.wikipedia.org/wiki/Zenodo	Zenodo
http://www.wikidata.org/entity/Q11906841	https://ca.wikipedia.org/wiki/Arxiu_del_Monestir_de_Santa_Maria_de_Vallbona_de_les_Monges	Arxiu del Monestir de Santa Maria de Vallbona de les Monges
http://www.wikidata.org/entity/Q17156935	https://ca.wikipedia.org/wiki/Arxiu_Comarcal_de_l%27Anoia	Arxiu Comarcal de l'Anoia
http://www.wikidata.org/entity/Q11906807	https://ca.wikipedia.org/wiki/Arxiu_Comarcal_del_Priorat	Arxiu Comarcal del Priorat
http://www.wikidata.org/entity/Q7072641	https://ca.wikipedia.org/wiki/Open_Language_Archives_Community	Open Language Archives Community
http://www.wikidata.org/entity/Q11906843	https://ca.wikipedia.org/wiki/Arxiu_i_Biblioteca_Episcopal_de_Vic	Arxiu i Biblioteca Episcopal de Vic
http://www.wikidata.org/entity/Q2860534	https://ca.wikipedia.org/wiki/Arxiu_General_de_la_Naci%C3%B3_(M%C3%A8xic)	Arxiu General de la Nació
http://www.wikidata.org/entity/Q15730482	https://ca.wikipedia.org/wiki/Arxiu_d%27Etnografia_i_Folklore_de_Catalunya	Arxiu d'Etnografia i Folklore de Catalunya
http://www.wikidata.org/entity/Q2860533	https://ca.wikipedia.org/wiki/Arxius_Generals_de_l%27Estat	Arxius Generals de l'Estat
http://www.wikidata.org/entity/Q11906811	https://ca.wikipedia.org/wiki/Arxiu_Fotogr%C3%A0fic_de_Barcelona	Arxiu Fotogràfic de Barcelona
http://www.wikidata.org/entity/Q2860546	https://ca.wikipedia.org/wiki/Arxiu_Nacional_del_Brasil	Arxiu Nacional de Brasil
http://www.wikidata.org/entity/Q2860547	https://ca.wikipedia.org/wiki/Arxius_Nacionals_d%27Irlanda	Arxius Nacionals d'Irlanda
http://www.wikidata.org/entity/Q7187928	https://ca.wikipedia.org/wiki/Fototeca_de_Ciutat_de_Luxemburg	Fototeca de Ciutat de Luxemburg
http://www.wikidata.org/entity/Q16003642	https://ca.wikipedia.org/wiki/Biblioteca_del_Pavell%C3%B3_de_la_Rep%C3%BAblica	Biblioteca del Pavelló de la República
http://www.wikidata.org/entity/Q7541534	https://ca.wikipedia.org/wiki/Arxiu_Nacional_Eslovac	Arxiu Nacional Eslovac
http://www.wikidata.org/entity/Q6970429	https://ca.wikipedia.org/wiki/Arxiu_Nacional_de_Xile	Arxiu Nacional de Xile
http://www.wikidata.org/entity/Q15690180	https://ca.wikipedia.org/wiki/Fototeca_de_la_Diputaci%C3%B3_Provincial_d%27Osca	Fototeca de la Diputació Provincial d'Osca
http://www.wikidata.org/entity/Q15709418	https://ca.wikipedia.org/wiki/Arxiu_Capitular_de_Mallorca	Arxiu Capitular de Mallorca
http://www.wikidata.org/entity/Q19900525	https://ca.wikipedia.org/wiki/Arxiu_Municipal_de_Sueca	Arxiu Municipal de Sueca
http://www.wikidata.org/entity/Q19830820	https://ca.wikipedia.org/wiki/Arxiu_d%27Hist%C3%B2ria_de_Castellar_del_Vall%C3%A8s	Arxiu d'Història de Castellar del Vallès
http://www.wikidata.org/entity/Q20104430	https://ca.wikipedia.org/wiki/Arxiu_Municipal_de_Cardona	Arxiu Municipal de Cardona
http://www.wikidata.org/entity/Q21085910	https://ca.wikipedia.org/wiki/Arxiu_Municipal_de_Creixell	Arxiu Municipal de Creixell
http://www.wikidata.org/entity/Q24084568	https://ca.wikipedia.org/wiki/Arxiu_Municipal_del_Masnou	Arxiu Municipal del Masnou
http://www.wikidata.org/entity/Q20103879	https://ca.wikipedia.org/wiki/Arxiu_Municipal_de_Roses	Arxiu Municipal de Roses
http://www.wikidata.org/entity/Q56400411	https://ca.wikipedia.org/wiki/Arxiu_Hist%C3%B2ric_Municipal_d%27Olesa_de_Montserrat	Arxiu Històric Municipal d'Olesa de Montserrat
http://www.wikidata.org/entity/Q21038137	https://ca.wikipedia.org/wiki/Arxiu_Capitular_d%27Urgell	Arxiu Capitular d'Urgell
http://www.wikidata.org/entity/Q20102702	https://ca.wikipedia.org/wiki/Arxiu_Comarcal_de_l%27Alta_Ribagor%C3%A7a	Arxiu Comarcal de l'Alta Ribagorça
http://www.wikidata.org/entity/Q20103122	https://ca.wikipedia.org/wiki/Arxiu_Comarcal_del_Baix_Empord%C3%A0	Arxiu Comarcal del Baix Empordà
http://www.wikidata.org/entity/Q20105802	https://ca.wikipedia.org/wiki/Arxiu_digital_de_Canovelles	Arxiu digital de Canovelles
http://www.wikidata.org/entity/Q20108157	https://ca.wikipedia.org/wiki/Arxiu_Gav%C3%ADn._Centre_de_Documentaci%C3%B3_de_Cultura_Popular_i_Religiosa_de_Catalunya	Arxiu Gavín. Centre de Documentació de Cultura Popular i Religiosa de Catalunya
http://www.wikidata.org/entity/Q11906832	https://ca.wikipedia.org/wiki/Arxiu_Parroquial_d%27Olesa_de_Montserrat	Arxiu Parroquial d'Olesa de Montserrat
http://www.wikidata.org/entity/Q11906836	https://ca.wikipedia.org/wiki/Arxiu_de_la_Diputaci%C3%B3_de_Lleida	Arxiu de la Diputació de Lleida
http://www.wikidata.org/entity/Q28711922	https://ca.wikipedia.org/wiki/Arxiu_Municipal_de_Districte_de_Ciutat_Vella	Arxiu Municipal de Districte de Ciutat Vella
http://www.wikidata.org/entity/Q28711923	https://ca.wikipedia.org/wiki/Arxiu_Municipal_del_Districte_de_l%27Eixample	Arxiu Municipal del Districte de l'Eixample
http://www.wikidata.org/entity/Q55604158	https://ca.wikipedia.org/wiki/Arxiu_de_l%27%C3%80rtic	Arxiu de l'Àrtic
http://www.wikidata.org/entity/Q20108904	https://ca.wikipedia.org/wiki/Servei_d%27Arxiu_i_Llegats_de_l%27Institut_d%27Estudis_Ilerdencs	Servei d’Arxiu i Llegats de l’Institut d’Estudis Ilerdencs
http://www.wikidata.org/entity/Q21081689	https://ca.wikipedia.org/wiki/Arxiu_de_la_Paraula	Arxiu de la Paraula
http://www.wikidata.org/entity/Q20103134	https://ca.wikipedia.org/wiki/Arxiu_Comarcal_del_Baix_Pened%C3%A8s	Arxiu Comarcal del Baix Penedès
http://www.wikidata.org/entity/Q20104866	https://ca.wikipedia.org/wiki/Arxiu_Hist%C3%B2ric_de_la_Societat_del_Gran_Teatre_del_Liceu	Arxiu Històric de la Societat del Gran Teatre del Liceu
http://www.wikidata.org/entity/Q56005589	https://ca.wikipedia.org/wiki/C%C3%A0ntut	Càntut
http://www.wikidata.org/entity/Q20875698	https://ca.wikipedia.org/wiki/Centre_de_Documentaci%C3%B3_de_l%27Orfe%C3%B3_Catal%C3%A0	Centre de Documentació de l'Orfeó Català
http://www.wikidata.org/entity/Q21081687	https://ca.wikipedia.org/wiki/Arxiu_Comarcal_del_Solson%C3%A8s	Arxiu Comarcal del Solsonès
http://www.wikidata.org/entity/Q20102846	https://ca.wikipedia.org/wiki/Arxiu_Comarcal_de_la_Selva	Arxiu Comarcal de la Selva
http://www.wikidata.org/entity/Q21009844	https://ca.wikipedia.org/wiki/Fons_de_M%C3%BAsica_Tradicional_de_la_Instituci%C3%B3_Mil%C3%A0_i_Fontanals	Fons de Música Tradicional de la Institució Milà i Fontanals
http://www.wikidata.org/entity/Q25312064	https://ca.wikipedia.org/wiki/Arxiu_Parroquial_de_Santa_Maria_del_Pi	Arxiu Parroquial de Santa Maria del Pi
http://www.wikidata.org/entity/Q20102850	https://ca.wikipedia.org/wiki/Arxiu_del_Port_de_Tarragona	Arxiu del Port de Tarragona
http://www.wikidata.org/entity/Q20104615	https://ca.wikipedia.org/wiki/Archiu_Generau_d%27Aran	Archiu Generau d'Aran
http://www.wikidata.org/entity/Q752099	https://ca.wikipedia.org/wiki/Sistema_de_Dades_Astrof%C3%ADsiques	Sistema de Dades Astrofísiques
http://www.wikidata.org/entity/Q830106	https://ca.wikipedia.org/wiki/GeoNames	GeoNames
http://www.wikidata.org/entity/Q845271	https://ca.wikipedia.org/wiki/Launchpad	Launchpad
http://www.wikidata.org/entity/Q5702890	https://ca.wikipedia.org/wiki/Arxiu_Capitular_de_Barcelona	Arxiu capitular de Barcelona
http://www.wikidata.org/entity/Q28563594	https://ca.wikipedia.org/wiki/Arxiu_Municipal_del_Districte_de_Gr%C3%A0cia	Arxiu Municipal del Districte de Gràcia
http://www.wikidata.org/entity/Q2860512	https://ca.wikipedia.org/wiki/Arxiu_Departamental_dels_Pirineus_Orientals	Arxiu Departamental dels Pirineus Orientals
http://www.wikidata.org/entity/Q27960548	https://ca.wikipedia.org/wiki/Arxiu_Municipal_Contemporani_de_Barcelona	Arxiu Municipal Contemporani de Barcelona
http://www.wikidata.org/entity/Q23041464	https://ca.wikipedia.org/wiki/Arxiu_Hist%C3%B2ric_Municipal_(Santpedor)	Arxiu Històric Municipal
http://www.wikidata.org/entity/Q901755	https://ca.wikipedia.org/wiki/GenBank	GenBank
http://www.wikidata.org/entity/Q82494	https://ca.wikipedia.org/wiki/National_Center_for_Biotechnology_Information	National Center for Biotechnology Information
http://www.wikidata.org/entity/Q364	https://ca.wikipedia.org/wiki/GitHub	Github
http://www.wikidata.org/entity/Q278487	https://ca.wikipedia.org/wiki/PubChem	PubChem
http://www.wikidata.org/entity/Q165400	https://ca.wikipedia.org/wiki/SourceForge	SourceForge
