item	label
http://www.wikidata.org/entity/Q82748	Musée Bossuet
http://www.wikidata.org/entity/Q261233	Museu del Novecento
http://www.wikidata.org/entity/Q367840	Biblioteca de la universitat de Sydney
http://www.wikidata.org/entity/Q616272	Biblioteca de Xangai
http://www.wikidata.org/entity/Q638395	Biblioteca de la Universitat de Leiden
http://www.wikidata.org/entity/Q377579	Museu d'Art de Baltimore
http://www.wikidata.org/entity/Q48656	Berlinka
http://www.wikidata.org/entity/Q537	Waldemarsudde
http://www.wikidata.org/entity/Q63751	Rubin Museum of Art
http://www.wikidata.org/entity/Q10700	Germania Judaica
http://www.wikidata.org/entity/Q59435	Museu Leopold
http://www.wikidata.org/entity/Q8330	Musée d'art contemporain de Lyon
http://www.wikidata.org/entity/Q877567	Museum für Angewandte Kunst Köln
http://www.wikidata.org/entity/Q1362629	Museu Nacional d'Art Occidental
http://www.wikidata.org/entity/Q878754	Museu Santa Anna
http://www.wikidata.org/entity/Q6943568	Musée Grévin – Forum des Halles
http://www.wikidata.org/entity/Q318289	Fundació Abegg
http://www.wikidata.org/entity/Q321716	Kunsthalle Bielefeld
http://www.wikidata.org/entity/Q874724	Kurpfälzisches Museum
http://www.wikidata.org/entity/Q1054169	Centre Pompidou-Metz
http://www.wikidata.org/entity/Q1054339	Modern Art Center José de Azeredo Perdigão
http://www.wikidata.org/entity/Q1368166	Museu d'art de San Diego
http://www.wikidata.org/entity/Q83013	Musée des beaux-arts de Marseille
http://www.wikidata.org/entity/Q472706	Galerie Neue Meister
http://www.wikidata.org/entity/Q873107	Schlossmuseum Rohrau
http://www.wikidata.org/entity/Q93691	Contemporary Arts Museum Houston
http://www.wikidata.org/entity/Q428765	Museu de Belles Arts de Nancy
http://www.wikidata.org/entity/Q46812	National Museum of African Art
http://www.wikidata.org/entity/Q865736	Museu d'Art de Birmingham
http://www.wikidata.org/entity/Q1439912	Museu Pius-Clementí
http://www.wikidata.org/entity/Q1535963	Musée des Beaux-Arts de Strasbourg
http://www.wikidata.org/entity/Q1505892	Rijksmuseum Twenthe
http://www.wikidata.org/entity/Q1586957	Lady Lever Art Gallery
http://www.wikidata.org/entity/Q1725262	Ribe VikingeCenter
http://www.wikidata.org/entity/Q1400558	Biblioteca Huntington
http://www.wikidata.org/entity/Q1501219	Gemäldegalerie Alte Meister
http://www.wikidata.org/entity/Q1568434	Yale University Art Gallery
http://www.wikidata.org/entity/Q1419555	Galeria Nacional de Praga
http://www.wikidata.org/entity/Q1421440	Museu Fitzwilliam
http://www.wikidata.org/entity/Q461277	Museu Palau d'Art de Düsseldorf
http://www.wikidata.org/entity/Q1459878	North Carolina Museum of Art
http://www.wikidata.org/entity/Q169542	Kunsthalle Hamburg
http://www.wikidata.org/entity/Q456994	Museum für Moderne Kunst
http://www.wikidata.org/entity/Q866498	Galleria Palatina
http://www.wikidata.org/entity/Q1465805	Clark Art Institute
http://www.wikidata.org/entity/Q1572452	museu Cognacq-Jay
http://www.wikidata.org/entity/Q1607765	Lille Métropole - Museu d'Art Modern, d'Art Contemporani i d'Art Marginal
http://www.wikidata.org/entity/Q1416890	Museu de Belles Arts de San Francisco
http://www.wikidata.org/entity/Q194533	Muzeum Narodowe w Poznaniu
http://www.wikidata.org/entity/Q612530	John and Mable Ringling Museum of Art
http://www.wikidata.org/entity/Q856483	Biblioteca de la Fundació Friedrich Ebert
http://www.wikidata.org/entity/Q1799857	Birmingham Museum and Art Gallery
http://www.wikidata.org/entity/Q1756399	Museu d'Art Contemporani de Teheran
http://www.wikidata.org/entity/Q3639582	Biblioteca Europea d'Informació i Cultura
http://www.wikidata.org/entity/Q1782422	Van Abbemuseum
http://www.wikidata.org/entity/Q616676	Palau Fortuny
http://www.wikidata.org/entity/Q194622	Museu de Belles Arts de Berna
http://www.wikidata.org/entity/Q1043967	Carnegie Museum of Art
http://www.wikidata.org/entity/Q1760539	Museu d'Art de Saint Louis
http://www.wikidata.org/entity/Q653002	Col·leccions Nacionals de Dresden
http://www.wikidata.org/entity/Q1816301	Seattle Art Museum
http://www.wikidata.org/entity/Q569079	museu de Belles Arts de Caen
http://www.wikidata.org/entity/Q1489852	Pollok House
http://www.wikidata.org/entity/Q1895953	Museu Nacional d'Art Modern
http://www.wikidata.org/entity/Q578485	Phillips Collection
http://www.wikidata.org/entity/Q658725	Staatliche Kunsthalle Karlsruhe
http://www.wikidata.org/entity/Q666331	Fundació Col·lecció E. G. Bührle
http://www.wikidata.org/entity/Q1967614	National Portrait Gallery
http://www.wikidata.org/entity/Q3867648	Museu Stieglitz d'Arts Aplicades
http://www.wikidata.org/entity/Q510144	museu Sprengel
http://www.wikidata.org/entity/Q3928496	Raccolte extraeuropeu del Castello Sforzesco
http://www.wikidata.org/entity/Q1954632	Museum für Islamische Kunst
http://www.wikidata.org/entity/Q4013975	Virginia Museum of Fine Arts
http://www.wikidata.org/entity/Q597355	Dayton Art Institute
http://www.wikidata.org/entity/Q1824069	Museu Liechtenstein
http://www.wikidata.org/entity/Q13532751	Museo Geominero
http://www.wikidata.org/entity/Q5147274	Collings Foundation
http://www.wikidata.org/entity/Q1952033	Pennsylvania Academy of the Fine Arts
http://www.wikidata.org/entity/Q671384	Museu Nacional de Dinamarca
http://www.wikidata.org/entity/Q1546378	Observatori de Collurania-Teramo
http://www.wikidata.org/entity/Q3330214	Museu de Pont-Aven
http://www.wikidata.org/entity/Q3330222	museu de belles arts de Valenciennes
http://www.wikidata.org/entity/Q1976985	Museu Nelson-Atkins
http://www.wikidata.org/entity/Q2304164	Museu Curtius
http://www.wikidata.org/entity/Q3330515	musée départemental d'art ancien et contemporain
http://www.wikidata.org/entity/Q3330205	museu de Belles Arts de La Rochelle
http://www.wikidata.org/entity/Q1952944	Museu de Grenoble
http://www.wikidata.org/entity/Q2034636	Observatori Astronòmic de Capodimonte
http://www.wikidata.org/entity/Q627423	Biblioteca Nacional i Universitària d'Islàndia
http://www.wikidata.org/entity/Q683389	Biblioteca de la Universitat de Belgrad
http://www.wikidata.org/entity/Q2338135	Museu Nacional de Belles Arts del Quebec
http://www.wikidata.org/entity/Q678082	Herzog Anton Ulrich Museum
http://www.wikidata.org/entity/Q2404549	musée des beaux-arts de Tours
http://www.wikidata.org/entity/Q2436253	Tiroler Landesmuseum
http://www.wikidata.org/entity/Q2034331	Palazzo Rosso
http://www.wikidata.org/entity/Q677561	Museu Hammer
http://www.wikidata.org/entity/Q705557	Art Gallery of South Australia
http://www.wikidata.org/entity/Q3878590	Norton Museum of Art
http://www.wikidata.org/entity/Q5543273	George Peabody Library
http://www.wikidata.org/entity/Q705551	Art Gallery of New South Wales
http://www.wikidata.org/entity/Q1068063	Museu de Belles Arts del Canadà
http://www.wikidata.org/entity/Q872896	Biblioteca de la Universitat de Leipzig
http://www.wikidata.org/entity/Q1061094	Kelvingrove Art Gallery and Museum
http://www.wikidata.org/entity/Q4796632	Art, Design & Architecture Museum
http://www.wikidata.org/entity/Q689829	Museu Oskar Reinhart
http://www.wikidata.org/entity/Q4693034	Agnes Etherington Art Centre
http://www.wikidata.org/entity/Q1201876	Open Library
http://www.wikidata.org/entity/Q5408662	Biblioteca del Congrés Nacional d'Argentina
http://www.wikidata.org/entity/Q1967876	Biblioteca Nacional de la República Txeca
http://www.wikidata.org/entity/Q2805178	Galerij Prins Willem V
http://www.wikidata.org/entity/Q2947745	Museu d'Orsanmichele
http://www.wikidata.org/entity/Q3075489	Fundació Louis Vuitton
http://www.wikidata.org/entity/Q1183941	Museu d'Art de Delaware
http://www.wikidata.org/entity/Q5728032	Biblioteca del Congrés Nacional de Xile
http://www.wikidata.org/entity/Q1132918	Museu Nacional d'Art, Arquitectura i Disseny
http://www.wikidata.org/entity/Q2628596	Palais des beaux-arts de Lille
http://www.wikidata.org/entity/Q1167467	Galeria Nacional d'Atenes
http://www.wikidata.org/entity/Q1192305	Smithsonian American Art Museum
http://www.wikidata.org/entity/Q1117704	Museu d'Art d'Indianàpolis
http://www.wikidata.org/entity/Q2620702	musée Bonnat-Helleu
http://www.wikidata.org/entity/Q2997830	Museu d'Art Philbrook
http://www.wikidata.org/entity/Q3412050	Grand Rapids Art Museum
http://www.wikidata.org/entity/Q700959	Museu Wallraf-Richartz
http://www.wikidata.org/entity/Q2977589	Museu d'Art Ohara
http://www.wikidata.org/entity/Q3007727	Currier Museum of Art
http://www.wikidata.org/entity/Q3094617	Galeriat Morava de Brno
http://www.wikidata.org/entity/Q3492931	Speed Art Museum
http://www.wikidata.org/entity/Q3663151	Fundació Yannick i Ben Jakober
http://www.wikidata.org/entity/Q44724678	Hall of Fame del futbol italià
http://www.wikidata.org/entity/Q745866	Museu d'Art de Dallas
http://www.wikidata.org/entity/Q751172	Museu Andy Warhol
http://www.wikidata.org/entity/Q1203458	Galleria Doria Pamphilj
http://www.wikidata.org/entity/Q1616123	Scheepvaartmuseum
http://www.wikidata.org/entity/Q843638	MOA
http://www.wikidata.org/entity/Q845468	Museu d'Art Modern i Contemporani
http://www.wikidata.org/entity/Q1328052	Jamaica Inn
http://www.wikidata.org/entity/Q1186756	Den Gamle By
http://www.wikidata.org/entity/Q3075008	Folk Art Center
http://www.wikidata.org/entity/Q1248553	Residenzgalerie
http://www.wikidata.org/entity/Q2496316	Biblioteca de la Universitat de Kassel
http://www.wikidata.org/entity/Q8875	LVR-Freilichtmuseum Kommern
http://www.wikidata.org/entity/Q488005	National Aviation Hall of Fame
http://www.wikidata.org/entity/Q812285	Col·leccions de pintura de l'estat de Baviera
http://www.wikidata.org/entity/Q6379617	DIC
http://www.wikidata.org/entity/Q3348664	Ocean Institute
http://www.wikidata.org/entity/Q4967319	Brigham Young University Museum of Art
http://www.wikidata.org/entity/Q6515835	Leeds Art Gallery
http://www.wikidata.org/entity/Q3042272	Itsasmuseum Bilbao
http://www.wikidata.org/entity/Q4819492	Auckland Art Gallery
http://www.wikidata.org/entity/Q7784619	Thinktank, Birmingham Science Museum
http://www.wikidata.org/entity/Q4968030	Guildhall Art Gallery
http://www.wikidata.org/entity/Q6352575	Centre d'Art Britànic de Yale
http://www.wikidata.org/entity/Q6519762	Leighton House Museum
http://www.wikidata.org/entity/Q6034074	Museo de Jaén
http://www.wikidata.org/entity/Q2057876	Acadèmia Argentina de Lletres
http://www.wikidata.org/entity/Q2310268	Biblioteca de Recerca del Rijksmuseum
http://www.wikidata.org/entity/Q2007919	Biblioteca i Museu Presidencial de John F. Kennedy
http://www.wikidata.org/entity/Q36185027	Mabry Mill Cultural Site
http://www.wikidata.org/entity/Q66494205	Mountain Farm Museum
http://www.wikidata.org/entity/Q5114675	museu Chrysler
http://www.wikidata.org/entity/Q7708449	Textfiles.com
http://www.wikidata.org/entity/Q81180	Premi Grammy del Saló de la Fama
http://www.wikidata.org/entity/Q6815343	Memorial Art Gallery
http://www.wikidata.org/entity/Q5248044	Debel Gallery, Jerusalem
http://www.wikidata.org/entity/Q1666299	International Academy of Jazz Hall of Fame
http://www.wikidata.org/entity/Q4859590	Barber Institute of Fine Arts
http://www.wikidata.org/entity/Q4879717	Beecroft Art Gallery
http://www.wikidata.org/entity/Q6940507	Museu Nacional de San Carlos
http://www.wikidata.org/entity/Q6940651	Museum Enschedé
http://www.wikidata.org/entity/Q1234343	Petőfi Irodalmi Múzeum
http://www.wikidata.org/entity/Q114418	International Jewish Sports Hall of Fame
http://www.wikidata.org/entity/Q782783	Memorial de Guerra Australià
http://www.wikidata.org/entity/Q1070969	LibriVox
http://www.wikidata.org/entity/Q7569107	Southampton City Art Gallery
http://www.wikidata.org/entity/Q5935366	Museu d'Art de Columbus
http://www.wikidata.org/entity/Q1954787	Museum voor Communicatie
http://www.wikidata.org/entity/Q13035451	Michaelis Collection
http://www.wikidata.org/entity/Q6055547	Internet Hall of Fame
http://www.wikidata.org/entity/Q3194318	DC++
http://www.wikidata.org/entity/Q19835482	BioRxiv
http://www.wikidata.org/entity/Q5587398	Gospel Music Hall of Fame
http://www.wikidata.org/entity/Q6088683	Museu de Zoologia d'Istanbul
http://www.wikidata.org/entity/Q64581187	Discografia Nazionale della Canzone Italiana
http://www.wikidata.org/entity/Q60648666	DiVA portal
http://www.wikidata.org/entity/Q727245	USS North Carolina
http://www.wikidata.org/entity/Q5161648	Saló de la Fama de les Dones de Connecticut
http://www.wikidata.org/entity/Q5727935	Biblioteca Virtual d'Andalusia
http://www.wikidata.org/entity/Q897468	Fortalesa de Monostor
http://www.wikidata.org/entity/Q233098	Museu d'història natural de Berlín
http://www.wikidata.org/entity/Q11795583	Saló de la Fama de les Dones d'Ohio
http://www.wikidata.org/entity/Q12110695	Galeria Courtauld
http://www.wikidata.org/entity/Q5148987	Saló de la Fama de les Dones de Colorado
http://www.wikidata.org/entity/Q10886452	Museu d'Art He Xiangning
http://www.wikidata.org/entity/Q7741188	The Hyde Collection
http://www.wikidata.org/entity/Q10927199	Biblioteca de la Universitat Nacional de Taiwan
http://www.wikidata.org/entity/Q758657	Museu Memorial de Guerra d'Auckland
http://www.wikidata.org/entity/Q17622833	Biblioteca Municipal de Bidebarrieta
http://www.wikidata.org/entity/Q29771	Fort Rotterdam
http://www.wikidata.org/entity/Q59832274	California Library Hall of Fame
http://www.wikidata.org/entity/Q1093313	Ciutadella del Quebec
http://www.wikidata.org/entity/Q5412157	Europe PubMed Central
http://www.wikidata.org/entity/Q525981	Biblioteca i museu presidencial Harry S. Truman
http://www.wikidata.org/entity/Q16609717	Alma Mater Museum
http://www.wikidata.org/entity/Q11909313	Biblioteca Pública Lluís Barceló i Bou
http://www.wikidata.org/entity/Q7414874	Institut Nacional Sanmartinià
http://www.wikidata.org/entity/Q153713	Camp de concentració d'Herzogenbusch
http://www.wikidata.org/entity/Q1754354	Biblioteca i Museu Presidencial Richard Nixon
http://www.wikidata.org/entity/Q1853779	Biblioteca i Museu Presidencial de Lyndon Baines Johnson
http://www.wikidata.org/entity/Q8622	Bibliothèque municipale de Lyon
http://www.wikidata.org/entity/Q562230	USS Yorktown
http://www.wikidata.org/entity/Q16335227	galeria Uffizi
http://www.wikidata.org/entity/Q2256277	Fonoteca Nacional Suïssa
http://www.wikidata.org/entity/Q6034323	Museo de la batalla de las Navas de Tolosa
http://www.wikidata.org/entity/Q18325671	Mills College Art Museum
http://www.wikidata.org/entity/Q1311808	Museu del Ferrocarril de Sigmundsherberg
http://www.wikidata.org/entity/Q37350592	Fort Moultrie Visitor Center
http://www.wikidata.org/entity/Q14917275	Staatsgalerie Stuttgart
http://www.wikidata.org/entity/Q688704	Museu d'Història Natural de Viena
http://www.wikidata.org/entity/Q848411	Museu d'Història Natural de Göteborg
http://www.wikidata.org/entity/Q35998685	Harry Hampton Visitor Center
http://www.wikidata.org/entity/Q1545745	Museu d'Història Natural de  Karlsruhe
http://www.wikidata.org/entity/Q7968628	War in the Pacific National Historical Park
http://www.wikidata.org/entity/Q30751566	MUMA
http://www.wikidata.org/entity/Q36003676	Mammoth Cave National Park Visitor Center
http://www.wikidata.org/entity/Q37883344	Fort Sumter Visitor Education Center
http://www.wikidata.org/entity/Q48002743	Museu Valencia d’Historia Natural
http://www.wikidata.org/entity/Q36000768	Oconaluftee Visitor Center
http://www.wikidata.org/entity/Q60644689	UCLA Music Library
http://www.wikidata.org/entity/Q1500182	USS Texas
http://www.wikidata.org/entity/Q1423093	USS Lexington
http://www.wikidata.org/entity/Q16735529	Fonamental biblioteca de la Universitat Estatal de Bielorússia
http://www.wikidata.org/entity/Q19903358	Artifact Gallery
http://www.wikidata.org/entity/Q21979750	New Wight Art Gallery
http://www.wikidata.org/entity/Q12350703	Kotopo
http://www.wikidata.org/entity/Q19800657	Galerie Zdeněk Sklenář
http://www.wikidata.org/entity/Q20987166	Museum Kunsthaus Heylshof
http://www.wikidata.org/entity/Q61588680	Museu militar al Castell de Montjuic
http://www.wikidata.org/entity/Q55524787	Museu Històric Militar de Figueres
http://www.wikidata.org/entity/Q55452107	Museu històric militar de Caracas
http://www.wikidata.org/entity/Q765870	Naturama
http://www.wikidata.org/entity/Q808531	Barnum's American Museum
http://www.wikidata.org/entity/Q23890843	Biblioteca Municipal Braamcamp Freire
http://www.wikidata.org/entity/Q35555761	Czech Photo Centre
http://www.wikidata.org/entity/Q30918097	Contemporary Art Foundation
http://www.wikidata.org/entity/Q27522479	Museu de Arte, Arquitetura e Tecnologia
http://www.wikidata.org/entity/Q36019519	Kohm Yah-mah-nee Visitor Center
http://www.wikidata.org/entity/Q3912134	Arxius Municipals de Rotterdam
http://www.wikidata.org/entity/Q16489699	Biblioteca Pública de l'Estat a Sòria
http://www.wikidata.org/entity/Q30889527	Galeria d'Art Estatal de Primórie
http://www.wikidata.org/entity/Q2974801	Cité du Volcan
http://www.wikidata.org/entity/Q22233101	Biblioteca Ajuda
http://www.wikidata.org/entity/Q3160507	Jaggar Museum
http://www.wikidata.org/entity/Q28720051	Stadtarchiv Hersbruck
http://www.wikidata.org/entity/Q28808141	Casa-Museu Fuente del Rey
http://www.wikidata.org/entity/Q4315007	Arxiu Històric Nacional de Bielorússia
http://www.wikidata.org/entity/Q28720172	Stadtarchiv Dietfurt
http://www.wikidata.org/entity/Q28720360	Stadtarchiv Lauf
http://www.wikidata.org/entity/Q58656520	Whitney Western Art Museum
http://www.wikidata.org/entity/Q59546080	Museu de Belles Arts de la vila de París
http://www.wikidata.org/entity/Q6913429	Morphobank
http://www.wikidata.org/entity/Q856640	La contemporaine
http://www.wikidata.org/entity/Q23777540	MOSDAC
http://www.wikidata.org/entity/Q24262146	Biblioteca de la Casa de Velázquez
http://www.wikidata.org/entity/Q1453477	Freebase
http://www.wikidata.org/entity/Q1531570	Global Biodiversity Information Facility
http://www.wikidata.org/entity/Q23928437	Biblioteca Central de Terrassa
http://www.wikidata.org/entity/Q24286510	Biblioteca Francisco de Zabálburu
http://www.wikidata.org/entity/Q20707560	llac de dades
http://www.wikidata.org/entity/Q28657233	Biblioteca Nacional d'Alemanya (Leipzig)
http://www.wikidata.org/entity/Q28720229	Stadtarchiv Velburg
http://www.wikidata.org/entity/Q28662025	Stadtbücherei Lauf
http://www.wikidata.org/entity/Q28657237	Biblioteca Nacional d'Alemanya (Frankfurt)
http://www.wikidata.org/entity/Q28720305	Stadtarchiv Spalt
http://www.wikidata.org/entity/Q28719827	Stadtarchiv Neumarkt i.d.Opf.
http://www.wikidata.org/entity/Q28720216	Stadtarchiv Altdorf
http://www.wikidata.org/entity/Q28734815	Gemeindearchiv Simmelsdorf
http://www.wikidata.org/entity/Q64032079	Rainbow Forest Museum
http://www.wikidata.org/entity/Q55604500	Australasian Virtual Herbarium
http://www.wikidata.org/entity/Q959038	musée Mucha
http://www.wikidata.org/entity/Q112368	National Cryptologic Museum
http://www.wikidata.org/entity/Q13052794	Museu Ervand  Kochar
http://www.wikidata.org/entity/Q28662118	Stadtbücherei Altdorf
http://www.wikidata.org/entity/Q28729540	Gemeindebücherei Burgthann
http://www.wikidata.org/entity/Q28662262	Stadtbücherei Hersbruck
http://www.wikidata.org/entity/Q28681569	Stadtbibliothek Sulzbach-Rosenberg
http://www.wikidata.org/entity/Q28681830	Stadtbibliothek Röthenbach
http://www.wikidata.org/entity/Q28682142	Stadtbibliothek Neumarkt
http://www.wikidata.org/entity/Q28711074	Biblioteca del Nord
http://www.wikidata.org/entity/Q1005863	Museu de les Cartes Federals
http://www.wikidata.org/entity/Q28662334	Stadtbücherei Hilpoltstein
http://www.wikidata.org/entity/Q28662237	Stadtbücherei Roth
http://www.wikidata.org/entity/Q28662371	Stadtbücherei Parsberg
http://www.wikidata.org/entity/Q28729551	Gemeindebücherei Allersberg
http://www.wikidata.org/entity/Q28729531	Gemeindebücherei Schwarzenbruck
http://www.wikidata.org/entity/Q64160193	Arxius Municipals de Perpinyà
http://www.wikidata.org/entity/Q68078694	Sam Houston Memorial Museum
http://www.wikidata.org/entity/Q2047427	Museu del Palau
http://www.wikidata.org/entity/Q5727988	Biblioteca de la Universitat Carlos III de Madrid
http://www.wikidata.org/entity/Q2498040	Museu nacional de Kuwait
http://www.wikidata.org/entity/Q304418	Scottish Sports Hall of Fame
http://www.wikidata.org/entity/Q28729453	Gemeindebücherei Kastl
http://www.wikidata.org/entity/Q880794	Biblioteca de la Universitat de Heidelberg
http://www.wikidata.org/entity/Q1028334	Biblioteca de la Universitat de Cambridge
http://www.wikidata.org/entity/Q28729341	Gemeindebücherei Schwaig
http://www.wikidata.org/entity/Q28729358	Gemeindebücherei Kümmersbruck
http://www.wikidata.org/entity/Q28733698	Bibliothek der Benediktinerabtei Plankstetten
http://www.wikidata.org/entity/Q28662344	Stadtbücherei Berching
http://www.wikidata.org/entity/Q28734696	Katholische Öffentliche Bücherei Kersbach
http://www.wikidata.org/entity/Q2046319	Amgueddfa Cymru – National Museum Wales
http://www.wikidata.org/entity/Q28729364	Gemeindebücherei Wendelstein
http://www.wikidata.org/entity/Q28734577	Büchereistadl Georgensgmünd - Haus des Gastes
http://www.wikidata.org/entity/Q3354774	Biblioteca de la Universitat d'Oslo
http://www.wikidata.org/entity/Q28729350	Gemeindebücherei St. Michael Lauterhofen
http://www.wikidata.org/entity/Q28729443	Gemeindebücherei Schnaittach
http://www.wikidata.org/entity/Q39087142	Cabot Science Library
http://www.wikidata.org/entity/Q67202648	Arkansas Post National Memorial Visitor Center and Museum
http://www.wikidata.org/entity/Q63342361	Tumacácori Museum
http://www.wikidata.org/entity/Q75135478	Museum of Westward Expansion
http://www.wikidata.org/entity/Q464872	Staatliches Museum Ägyptischer Kunst
http://www.wikidata.org/entity/Q510993	Museu Històric Nacional
http://www.wikidata.org/entity/Q4929724	Blue Ridge Music Center
http://www.wikidata.org/entity/Q3330698	Museu Nacional de Sierra Leone
http://www.wikidata.org/entity/Q258100	Saló de la Fama del Blues
http://www.wikidata.org/entity/Q28481273	Biblioteca de la UOC
http://www.wikidata.org/entity/Q7896467	Biblioteca de la Universitat de Tòquio
http://www.wikidata.org/entity/Q28735045	Stadt- und Pfarrbücherei Greding
http://www.wikidata.org/entity/Q28738540	biblioteca del Museu Folkwang
http://www.wikidata.org/entity/Q28739607	Katholische Öffentliche Bibliothek St. Michael, Vilshofen
http://www.wikidata.org/entity/Q27488714	Mémoires d'ici
http://www.wikidata.org/entity/Q615404	Anıtkabir
http://www.wikidata.org/entity/Q850207	Museu Nacional Brukenthal
http://www.wikidata.org/entity/Q1741117	Museu Regional d'Artà
http://www.wikidata.org/entity/Q964035	Museu d'Història de l'Ordinador
http://www.wikidata.org/entity/Q28738492	biblioteca del ministeri federal de Família, Tercera Edat, Dones i Joventut
http://www.wikidata.org/entity/Q31818466	Bibliotèca de Babel
http://www.wikidata.org/entity/Q24568958	Biblioteca de la Universitat de Leeds
http://www.wikidata.org/entity/Q28739591	Bibliothek Sulzbach-Rosenberg der Hochschule für den öffentlichen Dienst in Bayern
http://www.wikidata.org/entity/Q28737808	biblioteca del Landtag de Baden-Württemberg
http://www.wikidata.org/entity/Q16374	Sanskar Kendra
http://www.wikidata.org/entity/Q2101216	Polesden Lacey
http://www.wikidata.org/entity/Q675617	Arxius Literaris Suïssos
http://www.wikidata.org/entity/Q3316008	Woolsthorpe Manor
http://www.wikidata.org/entity/Q2188329	Upton House, Warwickshire
http://www.wikidata.org/entity/Q5001321	Buscot Park
http://www.wikidata.org/entity/Q1969012	Palau Sa'dabad
http://www.wikidata.org/entity/Q1968661	Museu Narodowe, Gdańsk
http://www.wikidata.org/entity/Q2748017	Temple Newsam
http://www.wikidata.org/entity/Q28739330	ATZ Entwicklungszentrum, Bibliothek
http://www.wikidata.org/entity/Q5015765	Cabot's Pueblo Museum
http://www.wikidata.org/entity/Q1319192	Museu Nacional d'Art de Romania
http://www.wikidata.org/entity/Q35991284	Harry F. Byrd, Sr. Visitor Center
http://www.wikidata.org/entity/Q35985530	Dickey Ridge Visitor Center
http://www.wikidata.org/entity/Q52485436	Biblioteca del MACBA
http://www.wikidata.org/entity/Q36363000	Lindsay Warren Visitor Center
http://www.wikidata.org/entity/Q51003063	Biblioteca Mercè Rodoreda
http://www.wikidata.org/entity/Q42800691	DAHR
http://www.wikidata.org/entity/Q51002577	Biblioteca Salvador Raurich
http://www.wikidata.org/entity/Q51003561	Biblioteca Pere Blasi
http://www.wikidata.org/entity/Q41390561	Hutzlerhaus
http://www.wikidata.org/entity/Q43051358	Le Toboggan
http://www.wikidata.org/entity/Q27901	Arxiu musical d'Alemanya
http://www.wikidata.org/entity/Q51003386	Biblioteca Octavi Viader i Margarit
http://www.wikidata.org/entity/Q39934978	ETH Zurich University Archives
http://www.wikidata.org/entity/Q54782544	Biblioteca i Arxius del Museu de Belles Arts del Canadà
http://www.wikidata.org/entity/Q731635	Mount Vernon
http://www.wikidata.org/entity/Q5754024	Casa-Museo Tomás Morales
http://www.wikidata.org/entity/Q564578	Frogmore House
http://www.wikidata.org/entity/Q636746	MiQua. LVR-Jüdisches Museum im Archäologischen Quartier Köln
http://www.wikidata.org/entity/Q441079	Althorp
http://www.wikidata.org/entity/Q475394	Antikensammlung Berlin
http://www.wikidata.org/entity/Q549696	Museu de Palència
http://www.wikidata.org/entity/Q4798437	Arxius Nacionals d'Islàndia
http://www.wikidata.org/entity/Q9698061	Casa Colombo
http://www.wikidata.org/entity/Q5481014	Casa-Museo Antonio Padrón
http://www.wikidata.org/entity/Q5755628	Casa museu de Blas Infante
http://www.wikidata.org/entity/Q2860553	Arxiu Nacional de Finlàndia
http://www.wikidata.org/entity/Q55285533	Sala de Lectura de Can Deu
http://www.wikidata.org/entity/Q55286151	Biblioteca Miquel Carreras
http://www.wikidata.org/entity/Q55418565	Biblioteca dels Jutjats de Sabadell
http://www.wikidata.org/entity/Q55286099	Biblioteca dels Safareigs
http://www.wikidata.org/entity/Q55418584	Biblioteca Judicial de Barcelona (Comarques)
http://www.wikidata.org/entity/Q55286185	Biblioteca pública de Gràcia
http://www.wikidata.org/entity/Q55286439	Biblioteca del Sud
http://www.wikidata.org/entity/Q55286488	Biblioteca de La Serra
http://www.wikidata.org/entity/Q55418595	Biblioteca de la Cambra Oficial de Comerç i Indústria de Sabadell
http://www.wikidata.org/entity/Q55418642	Biblioteca del Gremi de Fabricants de Sabadell
http://www.wikidata.org/entity/Q55418693	Biblioteca Universitària de Sabadell
http://www.wikidata.org/entity/Q55418842	Biblioteca de l'Escola Superior de Disseny
http://www.wikidata.org/entity/Q55286004	Sala de Lectura de Can Rull
http://www.wikidata.org/entity/Q55418886	Biblioteca de l'Arxiu Històric de Sabadell
http://www.wikidata.org/entity/Q55285828	Biblioteca de Ponent
http://www.wikidata.org/entity/Q63241092	Biblioteca Bernard Lesfargues
http://www.wikidata.org/entity/Q1285144	Knole House
http://www.wikidata.org/entity/Q7088887	Olveston
http://www.wikidata.org/entity/Q2901310	biblioteca Saint-Sulpice
http://www.wikidata.org/entity/Q636861	Archäologisches Landesmuseum Baden-Württemberg
http://www.wikidata.org/entity/Q1443802	Hampton Court
http://www.wikidata.org/entity/Q17535638	Blickling Hall
http://www.wikidata.org/entity/Q509	Musèu galloroman de Fourvière
http://www.wikidata.org/entity/Q58810563	Biblioteca Bernat Lesfargues
http://www.wikidata.org/entity/Q1624722	Holkham Hall
http://www.wikidata.org/entity/Q39628	Bibliothèque et Archives nationales du Québec
http://www.wikidata.org/entity/Q66862818	Biblioteca de la Universitat de València
http://www.wikidata.org/entity/Q67130812	Biblioteca de la Universitat Pompeu Fabra
http://www.wikidata.org/entity/Q182542	Arxius Nacionals de França
http://www.wikidata.org/entity/Q4533056	Museu Etnològic d'Ankara
http://www.wikidata.org/entity/Q201787	Biblioteca Nacional de Suïssa
http://www.wikidata.org/entity/Q631808	Biblioteca Nacional d'Aruba
http://www.wikidata.org/entity/Q1063819	Biblioteca Nacional d'Hongria
http://www.wikidata.org/entity/Q390375	Biblioteca Nacional de Nova Zelanda
http://www.wikidata.org/entity/Q68473362	Texas White House
http://www.wikidata.org/entity/Q72372232	Museu Arqueològic de Valladolid
http://www.wikidata.org/entity/Q75731148	Convent de les Germanes de la Doctrina Cristiana
http://www.wikidata.org/entity/Q2890127	Museu de la Xocolata
http://www.wikidata.org/entity/Q4708602	Alaska Sports Hall of Fame
http://www.wikidata.org/entity/Q5020532	Saló de la Fama de Califòrnia
http://www.wikidata.org/entity/Q6064592	Iowa Sports Hall of Fame
http://www.wikidata.org/entity/Q19861659	Staffordshire and Stoke on Trent Archive Service
http://www.wikidata.org/entity/Q6879312	Mississippi Sports Hall of Fame
http://www.wikidata.org/entity/Q5547739	Georgia Sports Hall of Fame
http://www.wikidata.org/entity/Q4711825	Alberta Sports Hall of Fame and Museum
http://www.wikidata.org/entity/Q5148916	Colorado Sports Hall of Fame
http://www.wikidata.org/entity/Q5594100	Biblioteca pública provincial d'Andalusia
http://www.wikidata.org/entity/Q2901488	Biblioteca Nacional del Líban
http://www.wikidata.org/entity/Q2901478	Biblioteca Nacional del Regne del Marroc
http://www.wikidata.org/entity/Q11775274	Choco-Story Brus·seles
http://www.wikidata.org/entity/Q1087567	National Track and Field Hall of Fame
http://www.wikidata.org/entity/Q1635759	Biblioteca Nacional de Lituània
http://www.wikidata.org/entity/Q23956984	Museo del Pueblo Español
http://www.wikidata.org/entity/Q36167979	Museum of North Carolina Minerals
http://www.wikidata.org/entity/Q1330014	Panteó dels Esports Canadencs
http://www.wikidata.org/entity/Q1954349	Museu Etnològic de Muro
http://www.wikidata.org/entity/Q7164180	Pennsylvania Sports Hall of Fame
http://www.wikidata.org/entity/Q5020989	California Sports Hall of Fame
http://www.wikidata.org/entity/Q11990944	U.S. Ski and Snowboard Hall of Fame and Museum
http://www.wikidata.org/entity/Q7708011	Texas Sports Hall of Fame
http://www.wikidata.org/entity/Q4705325	Alabama Sports Hall of Fame
http://www.wikidata.org/entity/Q5253352	Delaware Sports Museum and Hall of Fame
http://www.wikidata.org/entity/Q953058	Biblioteca Nacional de Suècia
http://www.wikidata.org/entity/Q6750158	Manitoba Sports Hall of Fame and Museum
http://www.wikidata.org/entity/Q30188056	Museu Etnogràfic Municipal de Biar
http://www.wikidata.org/entity/Q572227	Saló Internacional de la Fama de Boxa
http://www.wikidata.org/entity/Q924551	Biblioteca Nacional de Noruega
http://www.wikidata.org/entity/Q13954816	New Zealand Sports Hall of Fame
http://www.wikidata.org/entity/Q18128982	Ontario Sports Hall of Fame
http://www.wikidata.org/entity/Q37347860	Gilbert H. Grosvenor Visitor Center
http://www.wikidata.org/entity/Q1710818	Arxius estatals de Slesvig-Holstein
http://www.wikidata.org/entity/Q857933	Passeig de la Fama de Canada
http://www.wikidata.org/entity/Q29641910	Vermont Sports Hall of Fame
http://www.wikidata.org/entity/Q691686	Institut d'Estudis Avançats Internacionals i Desenvolupament
http://www.wikidata.org/entity/Q28407439	Idaho Athletic Hall of Fame
http://www.wikidata.org/entity/Q28670340	Biblioteca Lazzerini
http://www.wikidata.org/entity/Q53476264	Biblioteca Central Tecla Sala
http://www.wikidata.org/entity/Q53476760	Biblioteca La Florida
http://www.wikidata.org/entity/Q10386094	USA Gymnastics Hall of Fame
http://www.wikidata.org/entity/Q41628143	North Carolina Sports Hall of Fame
http://www.wikidata.org/entity/Q28403716	Tennessee Sports Hall of Fame
http://www.wikidata.org/entity/Q41822070	Women's Collegiate Tennis Hall of Fame
http://www.wikidata.org/entity/Q53468818	Biblioteca la Bóbila
http://www.wikidata.org/entity/Q53476806	Biblioteca Plaça d’Europa
http://www.wikidata.org/entity/Q30680644	New Mexico Sports Hall of Fame
http://www.wikidata.org/entity/Q41655480	Oklahoma Sports Hall of Fame
http://www.wikidata.org/entity/Q53476322	Biblioteca Can Sumarro
http://www.wikidata.org/entity/Q43513542	South Dakota Sports Hall of Fame
http://www.wikidata.org/entity/Q63434036	Canyons of the Ancients Visitor Center and Museum
http://www.wikidata.org/entity/Q39072661	Museu Casa de la Moneda
http://www.wikidata.org/entity/Q53476871	Biblioteca Santa Eulàlia
http://www.wikidata.org/entity/Q63927840	Museu de la Romanització
http://www.wikidata.org/entity/Q65612115	Chapin Mesa Museum
http://www.wikidata.org/entity/Q136661	Zaanse Schans
http://www.wikidata.org/entity/Q174527	Santuari del Llibre
http://www.wikidata.org/entity/Q1610464	Hermann-Oberth-Raumfahrt-Museum
http://www.wikidata.org/entity/Q211262	Museu Calouste Gulbenkian
http://www.wikidata.org/entity/Q74136	Blaenavon Ironworks
http://www.wikidata.org/entity/Q75566	Musée des beaux-arts d'Arras
http://www.wikidata.org/entity/Q167314	castell de Dresden
http://www.wikidata.org/entity/Q27342	Hangar-7
http://www.wikidata.org/entity/Q59979864	Biblioteca Antonio Martín
http://www.wikidata.org/entity/Q57158384	Biblioteca Montserrat Roig (Martorelles)
http://www.wikidata.org/entity/Q53323	Iwajuku
http://www.wikidata.org/entity/Q5556	Musei civici di Treviso
http://www.wikidata.org/entity/Q451	Mundaneum
http://www.wikidata.org/entity/Q950	Musèu Schnütgen
http://www.wikidata.org/entity/Q58797400	Can Mulà
http://www.wikidata.org/entity/Q55396	Deutsches Sport & Olympia Museum
http://www.wikidata.org/entity/Q1662096	Industriemuseum Lauf
http://www.wikidata.org/entity/Q2263119	Carnegie Museums of Pittsburgh
http://www.wikidata.org/entity/Q260913	Museu Centraal
http://www.wikidata.org/entity/Q314082	Niedersächsisches Landesmuseum Hannover
http://www.wikidata.org/entity/Q1669062	Linnaeus Hammarby
http://www.wikidata.org/entity/Q1716823	Jüdisches Museum Franken
http://www.wikidata.org/entity/Q23212	Evoluon
http://www.wikidata.org/entity/Q22600	Museum SchPIRA
http://www.wikidata.org/entity/Q9485	Manécanterie
http://www.wikidata.org/entity/Q9495	Site historique maritime de la Pointe-au-Père
http://www.wikidata.org/entity/Q17454	Exploramer
http://www.wikidata.org/entity/Q22616	Feuerbachhaus
http://www.wikidata.org/entity/Q1820897	Museu d'Amsterdam
http://www.wikidata.org/entity/Q1753496	Serra dos Órgãos
http://www.wikidata.org/entity/Q2987010	Museu Nòmada
http://www.wikidata.org/entity/Q1205697	Deutsches Hirtenmuseum
http://www.wikidata.org/entity/Q1216084	Casa Erasmus
http://www.wikidata.org/entity/Q2898082	Palau Grimani
http://www.wikidata.org/entity/Q2320278	Museum Haarlem
http://www.wikidata.org/entity/Q1154923	Observatori Universitari de Helsinki
http://www.wikidata.org/entity/Q1332706	Landesmuseum Württemberg
http://www.wikidata.org/entity/Q1903282	Martin von Wagner Museum
http://www.wikidata.org/entity/Q2362660	M-Museum Leuven
http://www.wikidata.org/entity/Q3225673	Le Plateau
http://www.wikidata.org/entity/Q2464610	Uniastate
http://www.wikidata.org/entity/Q2386852	1622
http://www.wikidata.org/entity/Q2432540	Museu Memling
http://www.wikidata.org/entity/Q1325723	Casa de Schiller
http://www.wikidata.org/entity/Q1954347	Museu Diocesà de Menorca
http://www.wikidata.org/entity/Q3182302	Museu de Gotland
http://www.wikidata.org/entity/Q499901	Wilhelm-Hack-Museum
http://www.wikidata.org/entity/Q1954705	Museum für historische Maybach-Fahrzeuge
http://www.wikidata.org/entity/Q1954840	Museumslandschaft Hessen Kassel
http://www.wikidata.org/entity/Q3329183	musée Grévin de La Rochelle
http://www.wikidata.org/entity/Q3280225	casa natal de Charles de Gaulle
http://www.wikidata.org/entity/Q1954470	Museum Lothar Fischer
http://www.wikidata.org/entity/Q1954627	Museum für historische Wehrtechnik
http://www.wikidata.org/entity/Q3046886	ÉbulliScience
http://www.wikidata.org/entity/Q1857046	Tèrra Amata
http://www.wikidata.org/entity/Q636562	Archäologiemuseum Oberfranken
http://www.wikidata.org/entity/Q3329624	Museu d'Art i d'Històric de Saint-Brieuc
http://www.wikidata.org/entity/Q2546445	Museu d'Austràlia Meridional
http://www.wikidata.org/entity/Q663764	Auschwitz II-Birkenau
http://www.wikidata.org/entity/Q3329787	Museu d'Història de França
http://www.wikidata.org/entity/Q2051997	Galeries Nacionals d'Escòcia
http://www.wikidata.org/entity/Q2098441	ARCAM
http://www.wikidata.org/entity/Q2072647	Centre national des arts plastiques
http://www.wikidata.org/entity/Q2098586	Museum De Lakenhal
http://www.wikidata.org/entity/Q3329487	Museu arqueològic nacional de Paestum
http://www.wikidata.org/entity/Q2021677	Hofje van Mevrouw van Aerden
http://www.wikidata.org/entity/Q670077	Reial Acadèmia de Belles Arts de Santa Elisabet d'Hongria
http://www.wikidata.org/entity/Q2533395	Vor- und frühgeschichtliches Museum Thalmässing
http://www.wikidata.org/entity/Q617635	Parc nacional Aparados da Serra
http://www.wikidata.org/entity/Q697719	Museu Arnulf Rainer
http://www.wikidata.org/entity/Q707407	Grünes Gewölbe
http://www.wikidata.org/entity/Q3329886	Musée de la Castre
http://www.wikidata.org/entity/Q788774	Museu de Teatre Gizi Bajor
http://www.wikidata.org/entity/Q3394488	Categoria:Museu de la Catedral de Santiago de Compostela
http://www.wikidata.org/entity/Q3868306	Museo cristiano e tesoro del duomo di Cividale del Friuli
http://www.wikidata.org/entity/Q4360916	Museum Gouda
http://www.wikidata.org/entity/Q824940	Mon Repos
http://www.wikidata.org/entity/Q3868108	Museu de la Sàtira i de la Caricatura
http://www.wikidata.org/entity/Q3330834	Museu egiptològic
http://www.wikidata.org/entity/Q3330754	Museu Oceanogràfic de Kaliningrad
http://www.wikidata.org/entity/Q5544010	George Rogers Clark National Historical Park
http://www.wikidata.org/entity/Q3895718	Parc paleontològic de Cene
http://www.wikidata.org/entity/Q3560239	El Museo Canario
http://www.wikidata.org/entity/Q4671361	Academy Hall
http://www.wikidata.org/entity/Q5561955	Museu d'Art Nouveau i Art Déco
http://www.wikidata.org/entity/Q6033131	museu d'Osca
http://www.wikidata.org/entity/Q3867520	Castell Sforza
http://www.wikidata.org/entity/Q4799733	Petersen House
http://www.wikidata.org/entity/Q3867551	Museu di Strada Nuova
http://www.wikidata.org/entity/Q799737	Baelo Claudia
http://www.wikidata.org/entity/Q6034532	Museo del pueblo
http://www.wikidata.org/entity/Q1032216	Canadian National Collection
http://www.wikidata.org/entity/Q6039096	Sırçalı Medrese
http://www.wikidata.org/entity/Q6034088	Museu de Lleó
http://www.wikidata.org/entity/Q6034124	Museo de Semana Santa
http://www.wikidata.org/entity/Q6033943	Museu de Belles Arts de Còrdova
http://www.wikidata.org/entity/Q1033769	Museu de Canterbury
http://www.wikidata.org/entity/Q3867752	Museo centrale del Risorgimento
http://www.wikidata.org/entity/Q5095087	Chi-Mei Museum
http://www.wikidata.org/entity/Q7131713	Panteó nacional Román Baldorioty de Castro
http://www.wikidata.org/entity/Q999439	Palau del príncep Lobkowitz
http://www.wikidata.org/entity/Q6082567	Mecma-ı Âsâr-ı Atika Müzesi
http://www.wikidata.org/entity/Q5046532	Hospici i Granja del comtat de Carroll
http://www.wikidata.org/entity/Q10333494	Museu Henrique e Francisco Franco
http://www.wikidata.org/entity/Q10333426	Museu Casa da Hera
http://www.wikidata.org/entity/Q10333430	Museu Casa de Benjamin Constant
http://www.wikidata.org/entity/Q6878725	missió Sant Joan Baptista
http://www.wikidata.org/entity/Q5453137	First Ladies National Historic Site
http://www.wikidata.org/entity/Q5402606	Centro Botín
http://www.wikidata.org/entity/Q10333645	Museu da Abolição
http://www.wikidata.org/entity/Q10333880	Museu do Açude
http://www.wikidata.org/entity/Q6534019	Galerie Leuchtenberg
http://www.wikidata.org/entity/Q10333802	Museu de Artes e Ofícios
http://www.wikidata.org/entity/Q10727870	Östergötlands länsmuseum
http://www.wikidata.org/entity/Q10333744	Museu d'Arqueologia d'Itaipu
http://www.wikidata.org/entity/Q10601378	Nivaagaard
http://www.wikidata.org/entity/Q10333894	Museu do Eclipse
http://www.wikidata.org/entity/Q12058090	SČUG Hollar
http://www.wikidata.org/entity/Q5406194	Museu del Calçat d'Elda
http://www.wikidata.org/entity/Q9064319	Poble Espanyol de Palma
http://www.wikidata.org/entity/Q14715853	Smith College Museum of Art
http://www.wikidata.org/entity/Q14839407	Musée Grévin Montreal
http://www.wikidata.org/entity/Q12013217	Museu Noordbrabants
http://www.wikidata.org/entity/Q19336058	Museu del Pessebre de Catalunya
http://www.wikidata.org/entity/Q17578639	Museu Llorenç Villalonga
http://www.wikidata.org/entity/Q17605261	Huis Bergh
http://www.wikidata.org/entity/Q15703374	Galerie Nová síň
http://www.wikidata.org/entity/Q18670440	Museo Civico di Bassano
http://www.wikidata.org/entity/Q17153751	Museu Nacional de les Cultures del Món
http://www.wikidata.org/entity/Q15735270	Muzeum gastronomie
http://www.wikidata.org/entity/Q17635455	Museu Calasancio dels Pares Escolapis
http://www.wikidata.org/entity/Q12257464	Museu d'Euskal Herria
http://www.wikidata.org/entity/Q12499637	Dewantara Kirti Griya
http://www.wikidata.org/entity/Q18844704	Museu Nord
http://www.wikidata.org/entity/Q20617340	Rupert Museum
http://www.wikidata.org/entity/Q18545068	Adornesdomein
http://www.wikidata.org/entity/Q21609273	ICER
http://www.wikidata.org/entity/Q24249987	Museo Romántico
http://www.wikidata.org/entity/Q24131367	Saalburgmuseum
http://www.wikidata.org/entity/Q23695813	Modelové království
http://www.wikidata.org/entity/Q18622940	Museu Històric Nacional
http://www.wikidata.org/entity/Q26214050	Řeznické muzeum Jana Pavlíčka
http://www.wikidata.org/entity/Q23315190	Imperial War Museums
http://www.wikidata.org/entity/Q47198799	Museo Regionale di Storia Naturale e mostra permanente del carretto siciliano
http://www.wikidata.org/entity/Q54908687	museu de la cervesa La Zaragozana
http://www.wikidata.org/entity/Q55237914	Museu Batalla de l'Ebre
http://www.wikidata.org/entity/Q2945112	Centre d'Història del Treball
http://www.wikidata.org/entity/Q28737434	Arxiu del Landtag de Saarland
http://www.wikidata.org/entity/Q265049	archINFORM
http://www.wikidata.org/entity/Q3565602	Walt Disney Archives
http://www.wikidata.org/entity/Q3656204	Tribunal Superior Electoral
http://www.wikidata.org/entity/Q2210067	Archief en Documentatiecentrum voor het Vlaams-nationalisme
http://www.wikidata.org/entity/Q38310696	Robert H. and Clarice Smith Gallery
http://www.wikidata.org/entity/Q2892902	Centre d'Informació d'Art Israelià
http://www.wikidata.org/entity/Q28734940	Arxiu del Teatre Alemany de Berlín
http://www.wikidata.org/entity/Q56641432	Instituto Butantan
http://www.wikidata.org/entity/Q43179428	Arxiu del Regne de Mallorca
http://www.wikidata.org/entity/Q40304752	Museum De Waag
http://www.wikidata.org/entity/Q52423090	Fundación Rodríguez-Acosta
http://www.wikidata.org/entity/Q63859207	Arxiu Reial i General de Navarra
http://www.wikidata.org/entity/Q48649605	Consorci Memorial dels Espais de la Batalla de l'Ebre
http://www.wikidata.org/entity/Q50621388	Muzeum piva v Praze
http://www.wikidata.org/entity/Q55675612	Museo del Bergamotto
http://www.wikidata.org/entity/Q36977405	Longmire Museum
http://www.wikidata.org/entity/Q54392919	OL Le Musée
http://www.wikidata.org/entity/Q36169996	Museu volcanològic
http://www.wikidata.org/entity/Q55821427	Museu Joan Cabré
http://www.wikidata.org/entity/Q61910894	Museu de la Colegiata de los Sagrados Corporales
http://www.wikidata.org/entity/Q55668993	Museu Etpison
http://www.wikidata.org/entity/Q56457879	Museu d'Art Sacre de Terol
http://www.wikidata.org/entity/Q64174074	Giant Forest Museum
http://www.wikidata.org/entity/Q59333578	Zoologisches Staatsinstitut und Zoologisches Museum
http://www.wikidata.org/entity/Q56692528	Arxiu Museu de Literatura Brasilera
http://www.wikidata.org/entity/Q58414150	Museu Constantin Caratheodori
http://www.wikidata.org/entity/Q68093742	Smokey Bear Museum
http://www.wikidata.org/entity/Q71124226	Museo Teresiano
http://www.wikidata.org/entity/Q806186	Banc Central del Brasil
http://www.wikidata.org/entity/Q1289222	Atria Institute on gender equality and women's history
http://www.wikidata.org/entity/Q10855166	Archiv výtvarného umění
http://www.wikidata.org/entity/Q280247	Universitat Federal Fluminense
http://www.wikidata.org/entity/Q974352	Munzinger-Archiv
http://www.wikidata.org/entity/Q8203682	Arxiu de Regne de Galícia
http://www.wikidata.org/entity/Q64006640	Smithsonian Online Virtual Archives
http://www.wikidata.org/entity/Q64153730	Archivio Datini
http://www.wikidata.org/entity/Q66604802	arxiu gremial
http://www.wikidata.org/entity/Q66717989	Arxiu del Consolat de Mar de Barcelona
http://www.wikidata.org/entity/Q67804560	Arxiu Nestor Vítor
http://www.wikidata.org/entity/Q67808015	Arxiu Lúcio de Mendonça
http://www.wikidata.org/entity/Q4689837	African Journals Online
http://www.wikidata.org/entity/Q17405606	Biblioteca Virtual de Premsa Històrica
http://www.wikidata.org/entity/Q50480977	Sint-Lukasarchief
http://www.wikidata.org/entity/Q12259621	Inguma
http://www.wikidata.org/entity/Q23952604	Arxiu Històric de Tetovo
http://www.wikidata.org/entity/Q24938493	Arxiu Històric Provincial d'Alacant
http://www.wikidata.org/entity/Q28404810	EMI Archive Trust
http://www.wikidata.org/entity/Q23952614	Arxiu Històric de Kumanovo
http://www.wikidata.org/entity/Q22083859	Arxiu Històric de Bitola
http://www.wikidata.org/entity/Q15627693	Wikilivres
http://www.wikidata.org/entity/Q28840600	Fondazione Musei Senesi
http://www.wikidata.org/entity/Q23952611	Arxiu Històric de Prilep
http://www.wikidata.org/entity/Q23952615	Arxiu Històric de Veles
http://www.wikidata.org/entity/Q28215927	Lombardia Beni Culturali
http://www.wikidata.org/entity/Q15044361	Biblioteca Gustav Landauer
http://www.wikidata.org/entity/Q23952612	Arxiu Històric d'Ohrid
http://www.wikidata.org/entity/Q18972133	Interference Archive
http://www.wikidata.org/entity/Q19152899	Arxius Històrics de la Unió Europea
http://www.wikidata.org/entity/Q42911660	Biblioteca Virtual Galega
http://www.wikidata.org/entity/Q23808380	Arxiu Històric de Štip
http://www.wikidata.org/entity/Q23952605	Arxiu Històric de Strumica
http://www.wikidata.org/entity/Q23952609	Arxiu Històric de Skopje
http://www.wikidata.org/entity/Q61500710	Biblioteca Digital de Castella-la Manxa
http://www.wikidata.org/entity/Q42889870	Digital Mechanism and Gear Library
http://www.wikidata.org/entity/Q60643992	Online Archive of California
http://www.wikidata.org/entity/Q51955019	Biblioteca Digital BEIC
http://www.wikidata.org/entity/Q58769639	Biblioteca del Museu Marítim de Barcelona
http://www.wikidata.org/entity/Q260102	Gottfried Keller-Stiftung
http://www.wikidata.org/entity/Q860570	Bildarchiv Foto Marburg
http://www.wikidata.org/entity/Q1474923	Winckelmann-Gesellschaft
http://www.wikidata.org/entity/Q464915	Societat Americana d'Història
http://www.wikidata.org/entity/Q860888	Bildindex
http://www.wikidata.org/entity/Q53952646	Thoresby Society
